district,year,month,date,ndvi,ndwi,ndbi,sensor,cloud_cover_pct,data_source,notes
Ariyalur,2005,1,2005-01-15,0.43,-0.207,-0.127,Landsat-5 TM,10.2,SYNTHETIC_PLACEHOLDER,"Demo spectral indices for Ariyalur, 2005-01. Replace with real Sentinel-2/Landsat analysis."
Ariyalur,2005,2,2005-02-15,0.487,-0.105,-0.234,Landsat-7 ETM+,3.5,SYNTHETIC_PLACEHOLDER,"Demo spectral indices for Ariyalur, 2005-02. Replace with real Sentinel-2/Landsat analysis."
Ariyalur,2005,3,2005-03-15,0.277,0.101,0.136,Sentinel-2A MSI,3.3,SYNTHETIC_PLACEHOLDER,"Demo spectral indices for Ariyalur, 2005-03. Replace with real Sentinel-2/Landsat analysis."
Ariyalur,2005,4,2005-04-15,0.299,-0.395,0.193,Sentinel-2A MSI,5.1,SYNTHETIC_PLACEHOLDER,"Demo spectral indices for Ariyalur, 2005-04. Replace with real Sentinel-2/Landsat analysis."
Ariyalur,2005,5,2005-05-15,0.227,-0.164,-0.199,Landsat-5 TM,5.4,SYNTHETIC_PLACEHOLDER,"Demo spectral indices for Ariyalur, 2005-05. Replace with real Sentinel-2/Landsat analysis."
Ariyalur,2005,6,2005-06-15,0.53,-0.17,0.003,Landsat-5 TM,14.6,SYNTHETIC_PLACEHOLDER,"Demo spectral indices for Ariyalur, 2005-06. Replace with real Sentinel-2/Landsat analysis."
Ariyalur,2005,7,2005-07-15,0.569,0.381,0.09,Landsat-8 OLI,8.7,SYNTHETIC_PLACEHOLDER,"Demo spectral indices for Ariyalur, 2005-07. Replace with real Sentinel-2/Landsat analysis."
Ariyalur,2005,8,2005-08-15,0.616,-0.04,-0.091,Landsat-5 TM,12.8,SYNTHETIC_PLACEHOLDER,"Demo spectral indices for Ariyalur, 2005-08. Replace with real Sentinel-2/Landsat analysis."
Ariyalur,2005,9,2005-09-15,0.698,0.117,0.209,Landsat-7 ETM+,5.6,SYNTHETIC_PLACEHOLDER,"Demo spectral indices for Ariyalur, 2005-09. Replace with real Sentinel-2/Landsat analysis."
Ariyalur,2005,10,2005-10-15,0.49,0.456,0.106,Sentinel-2B MSI,9.5,SYNTHETIC_PLACEHOLDER,"Demo spectral indices for Ariyalur, 2005-10. Replace with real Sentinel-2/Landsat analysis."
Ariyalur,2005,11,2005-11-15,0.431,0.124,-0.102,Sentinel-2B MSI,3.3,SYNTHETIC_PLACEHOLDER,"Demo spectral indices for Ariyalur, 2005-11. Replace with real Sentinel-2/Landsat analysis."
Ariyalur,2005,12,2005-12-15,0.442,-0.161,0.202,Landsat-8 OLI,6.0,SYNTHETIC_PLACEHOLDER,"Demo spectral indices for Ariyalur, 2005-12. Replace with real Sentinel-2/Landsat analysis."
Ariyalur,2011,1,2011-01-15,0.405,-0.003,0.145,Landsat-7 ETM+,9.8,SYNTHETIC_PLACEHOLDER,"Demo spectral indices for Ariyalur, 2011-01. Replace with real Sentinel-2/Landsat analysis."
Ariyalur,2011,2,2011-02-15,0.471,-0.079,-0.104,Landsat-7 ETM+,11.2,SYNTHETIC_PLACEHOLDER,"Demo spectral indices for Ariyalur, 2011-02. Replace with real Sentinel-2/Landsat analysis."
Ariyalur,2011,3,2011-03-15,0.282,-0.1,0.071,Landsat-8 OLI,3.3,SYNTHETIC_PLACEHOLDER,"Demo spectral indices for Ariyalur, 2011-03. Replace with real Sentinel-2/Landsat analysis."
Ariyalur,2011,4,2011-04-15,0.35,-0.336,-0.224,Landsat-5 TM,2.3,SYNTHETIC_PLACEHOLDER,"Demo spectral indices for Ariyalur, 2011-04. Replace with real Sentinel-2/Landsat analysis."
Ariyalur,2011,5,2011-05-15,0.2,0.017,-0.038,Sentinel-2B MSI,14.9,SYNTHETIC_PLACEHOLDER,"Demo spectral indices for Ariyalur, 2011-05. Replace with real Sentinel-2/Landsat analysis."
Ariyalur,2011,6,2011-06-15,0.656,0.403,-0.244,Landsat-5 TM,10.2,SYNTHETIC_PLACEHOLDER,"Demo spectral indices for Ariyalur, 2011-06. Replace with real Sentinel-2/Landsat analysis."
Ariyalur,2011,7,2011-07-15,0.588,0.249,-0.189,Sentinel-2A MSI,2.4,SYNTHETIC_PLACEHOLDER,"Demo spectral indices for Ariyalur, 2011-07. Replace with real Sentinel-2/Landsat analysis."
Ariyalur,2011,8,2011-08-15,0.473,0.304,0.285,Landsat-7 ETM+,7.6,SYNTHETIC_PLACEHOLDER,"Demo spectral indices for Ariyalur, 2011-08. Replace with real Sentinel-2/Landsat analysis."
Ariyalur,2011,9,2011-09-15,0.494,0.389,0.029,Landsat-7 ETM+,2.3,SYNTHETIC_PLACEHOLDER,"Demo spectral indices for Ariyalur, 2011-09. Replace with real Sentinel-2/Landsat analysis."
Ariyalur,2011,10,2011-10-15,0.683,0.345,0.042,Landsat-5 TM,9.0,SYNTHETIC_PLACEHOLDER,"Demo spectral indices for Ariyalur, 2011-10. Replace with real Sentinel-2/Landsat analysis."
Ariyalur,2011,11,2011-11-15,0.409,0.054,0.292,Landsat-8 OLI,3.6,SYNTHETIC_PLACEHOLDER,"Demo spectral indices for Ariyalur, 2011-11. Replace with real Sentinel-2/Landsat analysis."
Ariyalur,2011,12,2011-12-15,0.405,-0.145,0.153,Landsat-5 TM,14.7,SYNTHETIC_PLACEHOLDER,"Demo spectral indices for Ariyalur, 2011-12. Replace with real Sentinel-2/Landsat analysis."
Ariyalur,2015,1,2015-01-15,0.419,0.062,0.271,Landsat-7 ETM+,4.0,SYNTHETIC_PLACEHOLDER,"Demo spectral indices for Ariyalur, 2015-01. Replace with real Sentinel-2/Landsat analysis."
Ariyalur,2015,2,2015-02-15,0.517,-0.252,0.047,Landsat-7 ETM+,10.7,SYNTHETIC_PLACEHOLDER,"Demo spectral indices for Ariyalur, 2015-02. Replace with real Sentinel-2/Landsat analysis."
Ariyalur,2015,3,2015-03-15,0.247,-0.139,0.245,Sentinel-2A MSI,1.8,SYNTHETIC_PLACEHOLDER,"Demo spectral indices for Ariyalur, 2015-03. Replace with real Sentinel-2/Landsat analysis."
Ariyalur,2015,4,2015-04-15,0.179,0.012,-0.123,Landsat-7 ETM+,0.1,SYNTHETIC_PLACEHOLDER,"Demo spectral indices for Ariyalur, 2015-04. Replace with real Sentinel-2/Landsat analysis."
Ariyalur,2015,5,2015-05-15,0.247,-0.353,-0.233,Landsat-8 OLI,1.1,SYNTHETIC_PLACEHOLDER,"Demo spectral indices for Ariyalur, 2015-05. Replace with real Sentinel-2/Landsat analysis."
Ariyalur,2015,6,2015-06-15,0.538,-0.05,-0.177,Sentinel-2B MSI,8.6,SYNTHETIC_PLACEHOLDER,"Demo spectral indices for Ariyalur, 2015-06. Replace with real Sentinel-2/Landsat analysis."
Ariyalur,2015,7,2015-07-15,0.52,0.085,-0.198,Sentinel-2A MSI,5.3,SYNTHETIC_PLACEHOLDER,"Demo spectral indices for Ariyalur, 2015-07. Replace with real Sentinel-2/Landsat analysis."
Ariyalur,2015,8,2015-08-15,0.61,-0.162,0.109,Landsat-5 TM,0.9,SYNTHETIC_PLACEHOLDER,"Demo spectral indices for Ariyalur, 2015-08. Replace with real Sentinel-2/Landsat analysis."
Ariyalur,2015,9,2015-09-15,0.699,-0.124,-0.145,Sentinel-2B MSI,6.7,SYNTHETIC_PLACEHOLDER,"Demo spectral indices for Ariyalur, 2015-09. Replace with real Sentinel-2/Landsat analysis."
Ariyalur,2015,10,2015-10-15,0.554,-0.025,0.258,Sentinel-2A MSI,12.1,SYNTHETIC_PLACEHOLDER,"Demo spectral indices for Ariyalur, 2015-10. Replace with real Sentinel-2/Landsat analysis."
Ariyalur,2015,11,2015-11-15,0.481,0.257,0.047,Landsat-5 TM,14.5,SYNTHETIC_PLACEHOLDER,"Demo spectral indices for Ariyalur, 2015-11. Replace with real Sentinel-2/Landsat analysis."
Ariyalur,2015,12,2015-12-15,0.57,-0.084,0.017,Landsat-7 ETM+,13.0,SYNTHETIC_PLACEHOLDER,"Demo spectral indices for Ariyalur, 2015-12. Replace with real Sentinel-2/Landsat analysis."
Chengalpattu,2005,1,2005-01-15,0.497,-0.398,-0.035,Sentinel-2A MSI,4.3,SYNTHETIC_PLACEHOLDER,"Demo spectral indices for Chengalpattu, 2005-01. Replace with real Sentinel-2/Landsat analysis."
Chengalpattu,2005,2,2005-02-15,0.512,0.148,0.114,Sentinel-2A MSI,2.3,SYNTHETIC_PLACEHOLDER,"Demo spectral indices for Chengalpattu, 2005-02. Replace with real Sentinel-2/Landsat analysis."
Chengalpattu,2005,3,2005-03-15,0.256,0.005,0.048,Landsat-8 OLI,0.9,SYNTHETIC_PLACEHOLDER,"Demo spectral indices for Chengalpattu, 2005-03. Replace with real Sentinel-2/Landsat analysis."
Chengalpattu,2005,4,2005-04-15,0.267,0.197,-0.163,Sentinel-2B MSI,1.2,SYNTHETIC_PLACEHOLDER,"Demo spectral indices for Chengalpattu, 2005-04. Replace with real Sentinel-2/Landsat analysis."
Chengalpattu,2005,5,2005-05-15,0.197,0.073,-0.121,Landsat-5 TM,14.1,SYNTHETIC_PLACEHOLDER,"Demo spectral indices for Chengalpattu, 2005-05. Replace with real Sentinel-2/Landsat analysis."
Chengalpattu,2005,6,2005-06-15,0.629,-0.172,-0.205,Sentinel-2B MSI,8.5,SYNTHETIC_PLACEHOLDER,"Demo spectral indices for Chengalpattu, 2005-06. Replace with real Sentinel-2/Landsat analysis."
Chengalpattu,2005,7,2005-07-15,0.521,0.269,-0.077,Landsat-8 OLI,5.9,SYNTHETIC_PLACEHOLDER,"Demo spectral indices for Chengalpattu, 2005-07. Replace with real Sentinel-2/Landsat analysis."
Chengalpattu,2005,8,2005-08-15,0.632,0.021,0.164,Landsat-5 TM,0.1,SYNTHETIC_PLACEHOLDER,"Demo spectral indices for Chengalpattu, 2005-08. Replace with real Sentinel-2/Landsat analysis."
Chengalpattu,2005,9,2005-09-15,0.643,-0.13,0.046,Sentinel-2B MSI,4.0,SYNTHETIC_PLACEHOLDER,"Demo spectral indices for Chengalpattu, 2005-09. Replace with real Sentinel-2/Landsat analysis."
Chengalpattu,2005,10,2005-10-15,0.768,0.415,-0.047,Landsat-7 ETM+,6.6,SYNTHETIC_PLACEHOLDER,"Demo spectral indices for Chengalpattu, 2005-10. Replace with real Sentinel-2/Landsat analysis."
Chengalpattu,2005,11,2005-11-15,0.439,0.489,0.194,Sentinel-2B MSI,0.1,SYNTHETIC_PLACEHOLDER,"Demo spectral indices for Chengalpattu, 2005-11. Replace with real Sentinel-2/Landsat analysis."
Chengalpattu,2005,12,2005-12-15,0.493,0.264,0.266,Landsat-7 ETM+,4.0,SYNTHETIC_PLACEHOLDER,"Demo spectral indices for Chengalpattu, 2005-12. Replace with real Sentinel-2/Landsat analysis."
Chengalpattu,2011,1,2011-01-15,0.552,-0.291,-0.095,Landsat-7 ETM+,10.8,SYNTHETIC_PLACEHOLDER,"Demo spectral indices for Chengalpattu, 2011-01. Replace with real Sentinel-2/Landsat analysis."
Chengalpattu,2011,2,2011-02-15,0.404,-0.215,0.019,Landsat-5 TM,1.4,SYNTHETIC_PLACEHOLDER,"Demo spectral indices for Chengalpattu, 2011-02. Replace with real Sentinel-2/Landsat analysis."
Chengalpattu,2011,3,2011-03-15,0.212,-0.398,0.174,Landsat-8 OLI,2.4,SYNTHETIC_PLACEHOLDER,"Demo spectral indices for Chengalpattu, 2011-03. Replace with real Sentinel-2/Landsat analysis."
Chengalpattu,2011,4,2011-04-15,0.259,-0.007,-0.188,Landsat-7 ETM+,8.2,SYNTHETIC_PLACEHOLDER,"Demo spectral indices for Chengalpattu, 2011-04. Replace with real Sentinel-2/Landsat analysis."
Chengalpattu,2011,5,2011-05-15,0.325,-0.296,-0.18,Landsat-8 OLI,5.5,SYNTHETIC_PLACEHOLDER,"Demo spectral indices for Chengalpattu, 2011-05. Replace with real Sentinel-2/Landsat analysis."
Chengalpattu,2011,6,2011-06-15,0.777,-0.172,-0.053,Landsat-7 ETM+,10.0,SYNTHETIC_PLACEHOLDER,"Demo spectral indices for Chengalpattu, 2011-06. Replace with real Sentinel-2/Landsat analysis."
Chengalpattu,2011,7,2011-07-15,0.562,0.412,0.286,Landsat-7 ETM+,13.9,SYNTHETIC_PLACEHOLDER,"Demo spectral indices for Chengalpattu, 2011-07. Replace with real Sentinel-2/Landsat analysis."
Chengalpattu,2011,8,2011-08-15,0.487,0.36,-0.153,Sentinel-2A MSI,0.4,SYNTHETIC_PLACEHOLDER,"Demo spectral indices for Chengalpattu, 2011-08. Replace with real Sentinel-2/Landsat analysis."
Chengalpattu,2011,9,2011-09-15,0.654,0.452,0.191,Landsat-7 ETM+,4.0,SYNTHETIC_PLACEHOLDER,"Demo spectral indices for Chengalpattu, 2011-09. Replace with real Sentinel-2/Landsat analysis."
Chengalpattu,2011,10,2011-10-15,0.647,0.411,0.222,Landsat-7 ETM+,3.0,SYNTHETIC_PLACEHOLDER,"Demo spectral indices for Chengalpattu, 2011-10. Replace with real Sentinel-2/Landsat analysis."
Chengalpattu,2011,11,2011-11-15,0.519,0.374,0.229,Landsat-7 ETM+,0.4,SYNTHETIC_PLACEHOLDER,"Demo spectral indices for Chengalpattu, 2011-11. Replace with real Sentinel-2/Landsat analysis."
Chengalpattu,2011,12,2011-12-15,0.371,0.405,0.282,Landsat-8 OLI,5.3,SYNTHETIC_PLACEHOLDER,"Demo spectral indices for Chengalpattu, 2011-12. Replace with real Sentinel-2/Landsat analysis."
Chengalpattu,2015,1,2015-01-15,0.47,0.191,-0.068,Landsat-5 TM,1.7,SYNTHETIC_PLACEHOLDER,"Demo spectral indices for Chengalpattu, 2015-01. Replace with real Sentinel-2/Landsat analysis."
Chengalpattu,2015,2,2015-02-15,0.512,0.274,-0.104,Landsat-5 TM,8.9,SYNTHETIC_PLACEHOLDER,"Demo spectral indices for Chengalpattu, 2015-02. Replace with real Sentinel-2/Landsat analysis."
Chengalpattu,2015,3,2015-03-15,0.248,-0.095,0.291,Landsat-5 TM,5.8,SYNTHETIC_PLACEHOLDER,"Demo spectral indices for Chengalpattu, 2015-03. Replace with real Sentinel-2/Landsat analysis."
Chengalpattu,2015,4,2015-04-15,0.241,0.096,-0.249,Sentinel-2B MSI,10.3,SYNTHETIC_PLACEHOLDER,"Demo spectral indices for Chengalpattu, 2015-04. Replace with real Sentinel-2/Landsat analysis."
Chengalpattu,2015,5,2015-05-15,0.362,-0.262,-0.013,Landsat-8 OLI,9.3,SYNTHETIC_PLACEHOLDER,"Demo spectral indices for Chengalpattu, 2015-05. Replace with real Sentinel-2/Landsat analysis."
Chengalpattu,2015,6,2015-06-15,0.611,0.43,0.029,Sentinel-2A MSI,4.9,SYNTHETIC_PLACEHOLDER,"Demo spectral indices for Chengalpattu, 2015-06. Replace with real Sentinel-2/Landsat analysis."
Chengalpattu,2015,7,2015-07-15,0.665,-0.066,0.116,Sentinel-2A MSI,10.2,SYNTHETIC_PLACEHOLDER,"Demo spectral indices for Chengalpattu, 2015-07. Replace with real Sentinel-2/Landsat analysis."
Chengalpattu,2015,8,2015-08-15,0.732,0.011,0.051,Landsat-5 TM,4.6,SYNTHETIC_PLACEHOLDER,"Demo spectral indices for Chengalpattu, 2015-08. Replace with real Sentinel-2/Landsat analysis."
Chengalpattu,2015,9,2015-09-15,0.542,0.225,-0.073,Sentinel-2A MSI,6.6,SYNTHETIC_PLACEHOLDER,"Demo spectral indices for Chengalpattu, 2015-09. Replace with real Sentinel-2/Landsat analysis."
Chengalpattu,2015,10,2015-10-15,0.511,0.431,0.188,Landsat-7 ETM+,9.9,SYNTHETIC_PLACEHOLDER,"Demo spectral indices for Chengalpattu, 2015-10. Replace with real Sentinel-2/Landsat analysis."
Chengalpattu,2015,11,2015-11-15,0.423,0.233,-0.199,Landsat-7 ETM+,10.1,SYNTHETIC_PLACEHOLDER,"Demo spectral indices for Chengalpattu, 2015-11. Replace with real Sentinel-2/Landsat analysis."
Chengalpattu,2015,12,2015-12-15,0.365,-0.183,-0.115,Sentinel-2A MSI,9.2,SYNTHETIC_PLACEHOLDER,"Demo spectral indices for Chengalpattu, 2015-12. Replace with real Sentinel-2/Landsat analysis."
Chennai,2005,1,2005-01-15,0.499,0.22,0.167,Sentinel-2A MSI,7.4,SYNTHETIC_PLACEHOLDER,"Demo spectral indices for Chennai, 2005-01. Replace with real Sentinel-2/Landsat analysis."
Chennai,2005,2,2005-02-15,0.414,-0.396,0.263,Landsat-5 TM,11.7,SYNTHETIC_PLACEHOLDER,"Demo spectral indices for Chennai, 2005-02. Replace with real Sentinel-2/Landsat analysis."
Chennai,2005,3,2005-03-15,0.224,0.087,0.106,Sentinel-2B MSI,3.7,SYNTHETIC_PLACEHOLDER,"Demo spectral indices for Chennai, 2005-03. Replace with real Sentinel-2/Landsat analysis."
Chennai,2005,4,2005-04-15,0.315,0.161,0.217,Sentinel-2B MSI,8.9,SYNTHETIC_PLACEHOLDER,"Demo spectral indices for Chennai, 2005-04. Replace with real Sentinel-2/Landsat analysis."
Chennai,2005,5,2005-05-15,0.379,0.029,0.246,Sentinel-2B MSI,6.4,SYNTHETIC_PLACEHOLDER,"Demo spectral indices for Chennai, 2005-05. Replace with real Sentinel-2/Landsat analysis."
Chennai,2005,6,2005-06-15,0.717,-0.089,0.324,Sentinel-2A MSI,3.9,SYNTHETIC_PLACEHOLDER,"Demo spectral indices for Chennai, 2005-06. Replace with real Sentinel-2/Landsat analysis."
Chennai,2005,7,2005-07-15,0.538,0.336,0.137,Landsat-7 ETM+,4.1,SYNTHETIC_PLACEHOLDER,"Demo spectral indices for Chennai, 2005-07. Replace with real Sentinel-2/Landsat analysis."
Chennai,2005,8,2005-08-15,0.452,-0.01,0.026,Sentinel-2B MSI,1.2,SYNTHETIC_PLACEHOLDER,"Demo spectral indices for Chennai, 2005-08. Replace with real Sentinel-2/Landsat analysis."
Chennai,2005,9,2005-09-15,0.484,-0.093,-0.032,Sentinel-2A MSI,6.1,SYNTHETIC_PLACEHOLDER,"Demo spectral indices for Chennai, 2005-09. Replace with real Sentinel-2/Landsat analysis."
Chennai,2005,10,2005-10-15,0.604,-0.055,0.081,Sentinel-2B MSI,14.2,SYNTHETIC_PLACEHOLDER,"Demo spectral indices for Chennai, 2005-10. Replace with real Sentinel-2/Landsat analysis."
Chennai,2005,11,2005-11-15,0.392,0.203,0.112,Landsat-8 OLI,4.5,SYNTHETIC_PLACEHOLDER,"Demo spectral indices for Chennai, 2005-11. Replace with real Sentinel-2/Landsat analysis."
Chennai,2005,12,2005-12-15,0.467,0.385,0.146,Sentinel-2B MSI,12.0,SYNTHETIC_PLACEHOLDER,"Demo spectral indices for Chennai, 2005-12. Replace with real Sentinel-2/Landsat analysis."
Chennai,2011,1,2011-01-15,0.528,-0.209,0.117,Sentinel-2A MSI,5.0,SYNTHETIC_PLACEHOLDER,"Demo spectral indices for Chennai, 2011-01. Replace with real Sentinel-2/Landsat analysis."
Chennai,2011,2,2011-02-15,0.476,-0.284,0.107,Landsat-7 ETM+,14.7,SYNTHETIC_PLACEHOLDER,"Demo spectral indices for Chennai, 2011-02. Replace with real Sentinel-2/Landsat analysis."
Chennai,2011,3,2011-03-15,0.298,0.014,0.215,Landsat-5 TM,9.6,SYNTHETIC_PLACEHOLDER,"Demo spectral indices for Chennai, 2011-03. Replace with real Sentinel-2/Landsat analysis."
Chennai,2011,4,2011-04-15,0.173,-0.365,0.059,Landsat-7 ETM+,6.8,SYNTHETIC_PLACEHOLDER,"Demo spectral indices for Chennai, 2011-04. Replace with real Sentinel-2/Landsat analysis."
Chennai,2011,5,2011-05-15,0.255,-0.205,0.373,Sentinel-2A MSI,3.8,SYNTHETIC_PLACEHOLDER,"Demo spectral indices for Chennai, 2011-05. Replace with real Sentinel-2/Landsat analysis."
Chennai,2011,6,2011-06-15,0.427,0.178,0.4,Landsat-8 OLI,3.4,SYNTHETIC_PLACEHOLDER,"Demo spectral indices for Chennai, 2011-06. Replace with real Sentinel-2/Landsat analysis."
Chennai,2011,7,2011-07-15,0.516,-0.172,-0.133,Landsat-7 ETM+,3.0,SYNTHETIC_PLACEHOLDER,"Demo spectral indices for Chennai, 2011-07. Replace with real Sentinel-2/Landsat analysis."
Chennai,2011,8,2011-08-15,0.421,-0.112,0.218,Sentinel-2B MSI,14.2,SYNTHETIC_PLACEHOLDER,"Demo spectral indices for Chennai, 2011-08. Replace with real Sentinel-2/Landsat analysis."
Chennai,2011,9,2011-09-15,0.565,0.058,0.183,Landsat-5 TM,11.7,SYNTHETIC_PLACEHOLDER,"Demo spectral indices for Chennai, 2011-09. Replace with real Sentinel-2/Landsat analysis."
Chennai,2011,10,2011-10-15,0.48,0.205,0.361,Sentinel-2B MSI,10.2,SYNTHETIC_PLACEHOLDER,"Demo spectral indices for Chennai, 2011-10. Replace with real Sentinel-2/Landsat analysis."
Chennai,2011,11,2011-11-15,0.531,0.301,-0.108,Landsat-7 ETM+,1.5,SYNTHETIC_PLACEHOLDER,"Demo spectral indices for Chennai, 2011-11. Replace with real Sentinel-2/Landsat analysis."
Chennai,2011,12,2011-12-15,0.54,0.22,-0.083,Sentinel-2B MSI,11.7,SYNTHETIC_PLACEHOLDER,"Demo spectral indices for Chennai, 2011-12. Replace with real Sentinel-2/Landsat analysis."
Chennai,2015,1,2015-01-15,0.412,-0.141,0.128,Landsat-8 OLI,0.2,SYNTHETIC_PLACEHOLDER,"Demo spectral indices for Chennai, 2015-01. Replace with real Sentinel-2/Landsat analysis."
Chennai,2015,2,2015-02-15,0.433,-0.097,0.049,Sentinel-2A MSI,10.6,SYNTHETIC_PLACEHOLDER,"Demo spectral indices for Chennai, 2015-02. Replace with real Sentinel-2/Landsat analysis."
Chennai,2015,3,2015-03-15,0.26,0.276,-0.001,Sentinel-2B MSI,11.6,SYNTHETIC_PLACEHOLDER,"Demo spectral indices for Chennai, 2015-03. Replace with real Sentinel-2/Landsat analysis."
Chennai,2015,4,2015-04-15,0.276,0.015,0.027,Landsat-7 ETM+,12.5,SYNTHETIC_PLACEHOLDER,"Demo spectral indices for Chennai, 2015-04. Replace with real Sentinel-2/Landsat analysis."
Chennai,2015,5,2015-05-15,0.205,-0.229,0.106,Sentinel-2B MSI,10.0,SYNTHETIC_PLACEHOLDER,"Demo spectral indices for Chennai, 2015-05. Replace with real Sentinel-2/Landsat analysis."
Chennai,2015,6,2015-06-15,0.55,0.028,0.118,Landsat-8 OLI,12.0,SYNTHETIC_PLACEHOLDER,"Demo spectral indices for Chennai, 2015-06. Replace with real Sentinel-2/Landsat analysis."
Chennai,2015,7,2015-07-15,0.59,0.291,0.002,Landsat-5 TM,7.7,SYNTHETIC_PLACEHOLDER,"Demo spectral indices for Chennai, 2015-07. Replace with real Sentinel-2/Landsat analysis."
Chennai,2015,8,2015-08-15,0.481,0.084,0.155,Landsat-7 ETM+,10.4,SYNTHETIC_PLACEHOLDER,"Demo spectral indices for Chennai, 2015-08. Replace with real Sentinel-2/Landsat analysis."
Chennai,2015,9,2015-09-15,0.643,0.355,-0.099,Landsat-7 ETM+,6.1,SYNTHETIC_PLACEHOLDER,"Demo spectral indices for Chennai, 2015-09. Replace with real Sentinel-2/Landsat analysis."
Chennai,2015,10,2015-10-15,0.539,0.058,0.154,Landsat-8 OLI,6.4,SYNTHETIC_PLACEHOLDER,"Demo spectral indices for Chennai, 2015-10. Replace with real Sentinel-2/Landsat analysis."
Chennai,2015,11,2015-11-15,0.482,0.292,-0.001,Landsat-8 OLI,3.5,SYNTHETIC_PLACEHOLDER,"Demo spectral indices for Chennai, 2015-11. Replace with real Sentinel-2/Landsat analysis."
Chennai,2015,12,2015-12-15,0.476,0.32,0.373,Landsat-7 ETM+,2.9,SYNTHETIC_PLACEHOLDER,"Demo spectral indices for Chennai, 2015-12. Replace with real Sentinel-2/Landsat analysis."
Coimbatore,2005,1,2005-01-15,0.475,0.013,0.268,Sentinel-2B MSI,4.2,SYNTHETIC_PLACEHOLDER,"Demo spectral indices for Coimbatore, 2005-01. Replace with real Sentinel-2/Landsat analysis."
Coimbatore,2005,2,2005-02-15,0.34,-0.241,-0.051,Landsat-5 TM,10.6,SYNTHETIC_PLACEHOLDER,"Demo spectral indices for Coimbatore, 2005-02. Replace with real Sentinel-2/Landsat analysis."
Coimbatore,2005,3,2005-03-15,0.13,-0.362,0.011,Landsat-7 ETM+,9.6,SYNTHETIC_PLACEHOLDER,"Demo spectral indices for Coimbatore, 2005-03. Replace with real Sentinel-2/Landsat analysis."
Coimbatore,2005,4,2005-04-15,0.261,-0.391,0.006,Sentinel-2A MSI,6.6,SYNTHETIC_PLACEHOLDER,"Demo spectral indices for Coimbatore, 2005-04. Replace with real Sentinel-2/Landsat analysis."
Coimbatore,2005,5,2005-05-15,0.142,0.259,0.113,Landsat-5 TM,6.0,SYNTHETIC_PLACEHOLDER,"Demo spectral indices for Coimbatore, 2005-05. Replace with real Sentinel-2/Landsat analysis."
Coimbatore,2005,6,2005-06-15,0.485,-0.162,-0.068,Sentinel-2B MSI,14.2,SYNTHETIC_PLACEHOLDER,"Demo spectral indices for Coimbatore, 2005-06. Replace with real Sentinel-2/Landsat analysis."
Coimbatore,2005,7,2005-07-15,0.45,0.191,0.079,Sentinel-2B MSI,11.9,SYNTHETIC_PLACEHOLDER,"Demo spectral indices for Coimbatore, 2005-07. Replace with real Sentinel-2/Landsat analysis."
Coimbatore,2005,8,2005-08-15,0.52,0.115,0.093,Sentinel-2B MSI,14.9,SYNTHETIC_PLACEHOLDER,"Demo spectral indices for Coimbatore, 2005-08. Replace with real Sentinel-2/Landsat analysis."
Coimbatore,2005,9,2005-09-15,0.554,0.227,0.257,Landsat-7 ETM+,9.4,SYNTHETIC_PLACEHOLDER,"Demo spectral indices for Coimbatore, 2005-09. Replace with real Sentinel-2/Landsat analysis."
Coimbatore,2005,10,2005-10-15,0.488,-0.032,0.154,Landsat-7 ETM+,0.0,SYNTHETIC_PLACEHOLDER,"Demo spectral indices for Coimbatore, 2005-10. Replace with real Sentinel-2/Landsat analysis."
Coimbatore,2005,11,2005-11-15,0.449,0.004,-0.023,Landsat-8 OLI,10.5,SYNTHETIC_PLACEHOLDER,"Demo spectral indices for Coimbatore, 2005-11. Replace with real Sentinel-2/Landsat analysis."
Coimbatore,2005,12,2005-12-15,0.46,0.447,0.283,Sentinel-2B MSI,9.9,SYNTHETIC_PLACEHOLDER,"Demo spectral indices for Coimbatore, 2005-12. Replace with real Sentinel-2/Landsat analysis."
Coimbatore,2011,1,2011-01-15,0.529,-0.019,0.206,Landsat-8 OLI,12.4,SYNTHETIC_PLACEHOLDER,"Demo spectral indices for Coimbatore, 2011-01. Replace with real Sentinel-2/Landsat analysis."
Coimbatore,2011,2,2011-02-15,0.331,-0.185,0.262,Sentinel-2B MSI,13.8,SYNTHETIC_PLACEHOLDER,"Demo spectral indices for Coimbatore, 2011-02. Replace with real Sentinel-2/Landsat analysis."
Coimbatore,2011,3,2011-03-15,0.235,-0.187,0.071,Landsat-8 OLI,7.5,SYNTHETIC_PLACEHOLDER,"Demo spectral indices for Coimbatore, 2011-03. Replace with real Sentinel-2/Landsat analysis."
Coimbatore,2011,4,2011-04-15,0.207,-0.372,0.088,Landsat-8 OLI,9.1,SYNTHETIC_PLACEHOLDER,"Demo spectral indices for Coimbatore, 2011-04. Replace with real Sentinel-2/Landsat analysis."
Coimbatore,2011,5,2011-05-15,0.128,0.072,0.323,Sentinel-2B MSI,14.3,SYNTHETIC_PLACEHOLDER,"Demo spectral indices for Coimbatore, 2011-05. Replace with real Sentinel-2/Landsat analysis."
Coimbatore,2011,6,2011-06-15,0.767,-0.011,-0.128,Landsat-7 ETM+,7.1,SYNTHETIC_PLACEHOLDER,"Demo spectral indices for Coimbatore, 2011-06. Replace with real Sentinel-2/Landsat analysis."
Coimbatore,2011,7,2011-07-15,0.687,-0.073,0.172,Sentinel-2A MSI,14.5,SYNTHETIC_PLACEHOLDER,"Demo spectral indices for Coimbatore, 2011-07. Replace with real Sentinel-2/Landsat analysis."
Coimbatore,2011,8,2011-08-15,0.582,0.025,-0.092,Landsat-7 ETM+,4.9,SYNTHETIC_PLACEHOLDER,"Demo spectral indices for Coimbatore, 2011-08. Replace with real Sentinel-2/Landsat analysis."
Coimbatore,2011,9,2011-09-15,0.637,0.462,0.297,Sentinel-2B MSI,0.6,SYNTHETIC_PLACEHOLDER,"Demo spectral indices for Coimbatore, 2011-09. Replace with real Sentinel-2/Landsat analysis."
Coimbatore,2011,10,2011-10-15,0.452,-0.119,0.275,Sentinel-2B MSI,12.4,SYNTHETIC_PLACEHOLDER,"Demo spectral indices for Coimbatore, 2011-10. Replace with real Sentinel-2/Landsat analysis."
Coimbatore,2011,11,2011-11-15,0.387,0.123,-0.12,Sentinel-2B MSI,5.4,SYNTHETIC_PLACEHOLDER,"Demo spectral indices for Coimbatore, 2011-11. Replace with real Sentinel-2/Landsat analysis."
Coimbatore,2011,12,2011-12-15,0.514,0.332,-0.038,Sentinel-2B MSI,2.0,SYNTHETIC_PLACEHOLDER,"Demo spectral indices for Coimbatore, 2011-12. Replace with real Sentinel-2/Landsat analysis."
Coimbatore,2015,1,2015-01-15,0.446,-0.061,-0.134,Sentinel-2B MSI,12.0,SYNTHETIC_PLACEHOLDER,"Demo spectral indices for Coimbatore, 2015-01. Replace with real Sentinel-2/Landsat analysis."
Coimbatore,2015,2,2015-02-15,0.473,-0.39,0.074,Landsat-7 ETM+,14.9,SYNTHETIC_PLACEHOLDER,"Demo spectral indices for Coimbatore, 2015-02. Replace with real Sentinel-2/Landsat analysis."
Coimbatore,2015,3,2015-03-15,0.329,-0.318,0.308,Sentinel-2A MSI,14.0,SYNTHETIC_PLACEHOLDER,"Demo spectral indices for Coimbatore, 2015-03. Replace with real Sentinel-2/Landsat analysis."
Coimbatore,2015,4,2015-04-15,0.229,-0.109,0.115,Sentinel-2A MSI,3.7,SYNTHETIC_PLACEHOLDER,"Demo spectral indices for Coimbatore, 2015-04. Replace with real Sentinel-2/Landsat analysis."
Coimbatore,2015,5,2015-05-15,0.249,0.245,0.13,Landsat-7 ETM+,13.0,SYNTHETIC_PLACEHOLDER,"Demo spectral indices for Coimbatore, 2015-05. Replace with real Sentinel-2/Landsat analysis."
Coimbatore,2015,6,2015-06-15,0.562,0.09,0.364,Sentinel-2B MSI,4.0,SYNTHETIC_PLACEHOLDER,"Demo spectral indices for Coimbatore, 2015-06. Replace with real Sentinel-2/Landsat analysis."
Coimbatore,2015,7,2015-07-15,0.473,0.386,0.169,Sentinel-2A MSI,13.0,SYNTHETIC_PLACEHOLDER,"Demo spectral indices for Coimbatore, 2015-07. Replace with real Sentinel-2/Landsat analysis."
Coimbatore,2015,8,2015-08-15,0.582,0.033,0.27,Sentinel-2A MSI,6.8,SYNTHETIC_PLACEHOLDER,"Demo spectral indices for Coimbatore, 2015-08. Replace with real Sentinel-2/Landsat analysis."
Coimbatore,2015,9,2015-09-15,0.515,0.288,0.164,Landsat-7 ETM+,12.8,SYNTHETIC_PLACEHOLDER,"Demo spectral indices for Coimbatore, 2015-09. Replace with real Sentinel-2/Landsat analysis."
Coimbatore,2015,10,2015-10-15,0.555,0.131,0.352,Sentinel-2A MSI,5.8,SYNTHETIC_PLACEHOLDER,"Demo spectral indices for Coimbatore, 2015-10. Replace with real Sentinel-2/Landsat analysis."
Coimbatore,2015,11,2015-11-15,0.515,0.487,0.122,Landsat-5 TM,1.9,SYNTHETIC_PLACEHOLDER,"Demo spectral indices for Coimbatore, 2015-11. Replace with real Sentinel-2/Landsat analysis."
Coimbatore,2015,12,2015-12-15,0.526,-0.13,0.315,Landsat-5 TM,7.9,SYNTHETIC_PLACEHOLDER,"Demo spectral indices for Coimbatore, 2015-12. Replace with real Sentinel-2/Landsat analysis."
Cuddalore,2005,1,2005-01-15,0.464,-0.113,0.11,Landsat-7 ETM+,1.1,SYNTHETIC_PLACEHOLDER,"Demo spectral indices for Cuddalore, 2005-01. Replace with real Sentinel-2/Landsat analysis."
Cuddalore,2005,2,2005-02-15,0.483,0.036,-0.031,Landsat-5 TM,12.8,SYNTHETIC_PLACEHOLDER,"Demo spectral indices for Cuddalore, 2005-02. Replace with real Sentinel-2/Landsat analysis."
Cuddalore,2005,3,2005-03-15,0.356,-0.134,-0.076,Sentinel-2A MSI,13.1,SYNTHETIC_PLACEHOLDER,"Demo spectral indices for Cuddalore, 2005-03. Replace with real Sentinel-2/Landsat analysis."
Cuddalore,2005,4,2005-04-15,0.114,0.042,0.257,Landsat-7 ETM+,11.2,SYNTHETIC_PLACEHOLDER,"Demo spectral indices for Cuddalore, 2005-04. Replace with real Sentinel-2/Landsat analysis."
Cuddalore,2005,5,2005-05-15,0.197,0.044,0.23,Sentinel-2A MSI,2.5,SYNTHETIC_PLACEHOLDER,"Demo spectral indices for Cuddalore, 2005-05. Replace with real Sentinel-2/Landsat analysis."
Cuddalore,2005,6,2005-06-15,0.493,0.027,-0.219,Landsat-8 OLI,5.6,SYNTHETIC_PLACEHOLDER,"Demo spectral indices for Cuddalore, 2005-06. Replace with real Sentinel-2/Landsat analysis."
Cuddalore,2005,7,2005-07-15,0.497,0.196,0.186,Landsat-7 ETM+,2.6,SYNTHETIC_PLACEHOLDER,"Demo spectral indices for Cuddalore, 2005-07. Replace with real Sentinel-2/Landsat analysis."
Cuddalore,2005,8,2005-08-15,0.621,0.278,0.024,Sentinel-2B MSI,2.1,SYNTHETIC_PLACEHOLDER,"Demo spectral indices for Cuddalore, 2005-08. Replace with real Sentinel-2/Landsat analysis."
Cuddalore,2005,9,2005-09-15,0.564,-0.021,-0.245,Sentinel-2A MSI,13.5,SYNTHETIC_PLACEHOLDER,"Demo spectral indices for Cuddalore, 2005-09. Replace with real Sentinel-2/Landsat analysis."
Cuddalore,2005,10,2005-10-15,0.619,0.109,-0.06,Sentinel-2B MSI,4.5,SYNTHETIC_PLACEHOLDER,"Demo spectral indices for Cuddalore, 2005-10. Replace with real Sentinel-2/Landsat analysis."
Cuddalore,2005,11,2005-11-15,0.561,0.12,-0.084,Sentinel-2A MSI,12.8,SYNTHETIC_PLACEHOLDER,"Demo spectral indices for Cuddalore, 2005-11. Replace with real Sentinel-2/Landsat analysis."
Cuddalore,2005,12,2005-12-15,0.359,0.051,-0.087,Landsat-8 OLI,0.3,SYNTHETIC_PLACEHOLDER,"Demo spectral indices for Cuddalore, 2005-12. Replace with real Sentinel-2/Landsat analysis."
Cuddalore,2011,1,2011-01-15,0.506,-0.394,0.226,Landsat-5 TM,13.7,SYNTHETIC_PLACEHOLDER,"Demo spectral indices for Cuddalore, 2011-01. Replace with real Sentinel-2/Landsat analysis."
Cuddalore,2011,2,2011-02-15,0.532,0.232,0.177,Landsat-7 ETM+,9.1,SYNTHETIC_PLACEHOLDER,"Demo spectral indices for Cuddalore, 2011-02. Replace with real Sentinel-2/Landsat analysis."
Cuddalore,2011,3,2011-03-15,0.234,0.035,0.123,Landsat-7 ETM+,9.4,SYNTHETIC_PLACEHOLDER,"Demo spectral indices for Cuddalore, 2011-03. Replace with real Sentinel-2/Landsat analysis."
Cuddalore,2011,4,2011-04-15,0.345,-0.184,-0.008,Sentinel-2B MSI,5.5,SYNTHETIC_PLACEHOLDER,"Demo spectral indices for Cuddalore, 2011-04. Replace with real Sentinel-2/Landsat analysis."
Cuddalore,2011,5,2011-05-15,0.217,-0.171,-0.021,Landsat-7 ETM+,2.0,SYNTHETIC_PLACEHOLDER,"Demo spectral indices for Cuddalore, 2011-05. Replace with real Sentinel-2/Landsat analysis."
Cuddalore,2011,6,2011-06-15,0.659,0.172,0.252,Landsat-7 ETM+,3.9,SYNTHETIC_PLACEHOLDER,"Demo spectral indices for Cuddalore, 2011-06. Replace with real Sentinel-2/Landsat analysis."
Cuddalore,2011,7,2011-07-15,0.696,0.365,0.161,Landsat-8 OLI,12.1,SYNTHETIC_PLACEHOLDER,"Demo spectral indices for Cuddalore, 2011-07. Replace with real Sentinel-2/Landsat analysis."
Cuddalore,2011,8,2011-08-15,0.548,0.328,-0.126,Sentinel-2A MSI,14.5,SYNTHETIC_PLACEHOLDER,"Demo spectral indices for Cuddalore, 2011-08. Replace with real Sentinel-2/Landsat analysis."
Cuddalore,2011,9,2011-09-15,0.678,0.353,-0.242,Sentinel-2B MSI,1.9,SYNTHETIC_PLACEHOLDER,"Demo spectral indices for Cuddalore, 2011-09. Replace with real Sentinel-2/Landsat analysis."
Cuddalore,2011,10,2011-10-15,0.585,-0.016,-0.04,Landsat-8 OLI,1.6,SYNTHETIC_PLACEHOLDER,"Demo spectral indices for Cuddalore, 2011-10. Replace with real Sentinel-2/Landsat analysis."
Cuddalore,2011,11,2011-11-15,0.349,0.419,0.059,Sentinel-2B MSI,3.3,SYNTHETIC_PLACEHOLDER,"Demo spectral indices for Cuddalore, 2011-11. Replace with real Sentinel-2/Landsat analysis."
Cuddalore,2011,12,2011-12-15,0.395,0.437,-0.084,Sentinel-2A MSI,1.8,SYNTHETIC_PLACEHOLDER,"Demo spectral indices for Cuddalore, 2011-12. Replace with real Sentinel-2/Landsat analysis."
Cuddalore,2015,1,2015-01-15,0.313,0.297,-0.186,Landsat-7 ETM+,13.3,SYNTHETIC_PLACEHOLDER,"Demo spectral indices for Cuddalore, 2015-01. Replace with real Sentinel-2/Landsat analysis."
Cuddalore,2015,2,2015-02-15,0.372,0.069,0.159,Sentinel-2B MSI,6.3,SYNTHETIC_PLACEHOLDER,"Demo spectral indices for Cuddalore, 2015-02. Replace with real Sentinel-2/Landsat analysis."
Cuddalore,2015,3,2015-03-15,0.264,-0.11,-0.196,Sentinel-2A MSI,9.2,SYNTHETIC_PLACEHOLDER,"Demo spectral indices for Cuddalore, 2015-03. Replace with real Sentinel-2/Landsat analysis."
Cuddalore,2015,4,2015-04-15,0.316,0.083,-0.131,Sentinel-2A MSI,14.3,SYNTHETIC_PLACEHOLDER,"Demo spectral indices for Cuddalore, 2015-04. Replace with real Sentinel-2/Landsat analysis."
Cuddalore,2015,5,2015-05-15,0.281,0.08,0.049,Landsat-8 OLI,0.9,SYNTHETIC_PLACEHOLDER,"Demo spectral indices for Cuddalore, 2015-05. Replace with real Sentinel-2/Landsat analysis."
Cuddalore,2015,6,2015-06-15,0.58,0.464,0.203,Landsat-5 TM,9.9,SYNTHETIC_PLACEHOLDER,"Demo spectral indices for Cuddalore, 2015-06. Replace with real Sentinel-2/Landsat analysis."
Cuddalore,2015,7,2015-07-15,0.652,-0.185,0.183,Landsat-7 ETM+,14.8,SYNTHETIC_PLACEHOLDER,"Demo spectral indices for Cuddalore, 2015-07. Replace with real Sentinel-2/Landsat analysis."
Cuddalore,2015,8,2015-08-15,0.657,0.381,0.055,Sentinel-2B MSI,3.2,SYNTHETIC_PLACEHOLDER,"Demo spectral indices for Cuddalore, 2015-08. Replace with real Sentinel-2/Landsat analysis."
Cuddalore,2015,9,2015-09-15,0.694,-0.097,0.245,Landsat-5 TM,4.2,SYNTHETIC_PLACEHOLDER,"Demo spectral indices for Cuddalore, 2015-09. Replace with real Sentinel-2/Landsat analysis."
Cuddalore,2015,10,2015-10-15,0.794,0.178,0.189,Landsat-5 TM,9.9,SYNTHETIC_PLACEHOLDER,"Demo spectral indices for Cuddalore, 2015-10. Replace with real Sentinel-2/Landsat analysis."
Cuddalore,2015,11,2015-11-15,0.307,0.353,-0.119,Landsat-8 OLI,0.2,SYNTHETIC_PLACEHOLDER,"Demo spectral indices for Cuddalore, 2015-11. Replace with real Sentinel-2/Landsat analysis."
Cuddalore,2015,12,2015-12-15,0.366,0.095,-0.187,Landsat-5 TM,7.1,SYNTHETIC_PLACEHOLDER,"Demo spectral indices for Cuddalore, 2015-12. Replace with real Sentinel-2/Landsat analysis."
Dharmapuri,2005,1,2005-01-15,0.507,-0.324,0.027,Sentinel-2B MSI,0.7,SYNTHETIC_PLACEHOLDER,"Demo spectral indices for Dharmapuri, 2005-01. Replace with real Sentinel-2/Landsat analysis."
Dharmapuri,2005,2,2005-02-15,0.543,-0.035,0.002,Landsat-5 TM,0.9,SYNTHETIC_PLACEHOLDER,"Demo spectral indices for Dharmapuri, 2005-02. Replace with real Sentinel-2/Landsat analysis."
Dharmapuri,2005,3,2005-03-15,0.236,0.08,0.02,Sentinel-2A MSI,1.1,SYNTHETIC_PLACEHOLDER,"Demo spectral indices for Dharmapuri, 2005-03. Replace with real Sentinel-2/Landsat analysis."
Dharmapuri,2005,4,2005-04-15,0.177,-0.354,-0.099,Sentinel-2B MSI,8.2,SYNTHETIC_PLACEHOLDER,"Demo spectral indices for Dharmapuri, 2005-04. Replace with real Sentinel-2/Landsat analysis."
Dharmapuri,2005,5,2005-05-15,0.264,-0.029,-0.0,Sentinel-2B MSI,6.5,SYNTHETIC_PLACEHOLDER,"Demo spectral indices for Dharmapuri, 2005-05. Replace with real Sentinel-2/Landsat analysis."
Dharmapuri,2005,6,2005-06-15,0.649,0.258,0.233,Sentinel-2B MSI,10.8,SYNTHETIC_PLACEHOLDER,"Demo spectral indices for Dharmapuri, 2005-06. Replace with real Sentinel-2/Landsat analysis."
Dharmapuri,2005,7,2005-07-15,0.51,-0.04,-0.064,Sentinel-2A MSI,6.0,SYNTHETIC_PLACEHOLDER,"Demo spectral indices for Dharmapuri, 2005-07. Replace with real Sentinel-2/Landsat analysis."
Dharmapuri,2005,8,2005-08-15,0.65,0.019,-0.11,Landsat-7 ETM+,10.3,SYNTHETIC_PLACEHOLDER,"Demo spectral indices for Dharmapuri, 2005-08. Replace with real Sentinel-2/Landsat analysis."
Dharmapuri,2005,9,2005-09-15,0.551,-0.14,-0.012,Landsat-8 OLI,12.2,SYNTHETIC_PLACEHOLDER,"Demo spectral indices for Dharmapuri, 2005-09. Replace with real Sentinel-2/Landsat analysis."
Dharmapuri,2005,10,2005-10-15,0.626,0.193,-0.069,Landsat-5 TM,6.2,SYNTHETIC_PLACEHOLDER,"Demo spectral indices for Dharmapuri, 2005-10. Replace with real Sentinel-2/Landsat analysis."
Dharmapuri,2005,11,2005-11-15,0.569,0.096,0.254,Landsat-5 TM,14.5,SYNTHETIC_PLACEHOLDER,"Demo spectral indices for Dharmapuri, 2005-11. Replace with real Sentinel-2/Landsat analysis."
Dharmapuri,2005,12,2005-12-15,0.455,0.205,-0.133,Sentinel-2A MSI,3.4,SYNTHETIC_PLACEHOLDER,"Demo spectral indices for Dharmapuri, 2005-12. Replace with real Sentinel-2/Landsat analysis."
Dharmapuri,2011,1,2011-01-15,0.406,-0.143,0.169,Sentinel-2B MSI,3.4,SYNTHETIC_PLACEHOLDER,"Demo spectral indices for Dharmapuri, 2011-01. Replace with real Sentinel-2/Landsat analysis."
Dharmapuri,2011,2,2011-02-15,0.442,0.137,0.092,Sentinel-2B MSI,0.4,SYNTHETIC_PLACEHOLDER,"Demo spectral indices for Dharmapuri, 2011-02. Replace with real Sentinel-2/Landsat analysis."
Dharmapuri,2011,3,2011-03-15,0.369,-0.213,-0.151,Landsat-8 OLI,13.8,SYNTHETIC_PLACEHOLDER,"Demo spectral indices for Dharmapuri, 2011-03. Replace with real Sentinel-2/Landsat analysis."
Dharmapuri,2011,4,2011-04-15,0.188,-0.3,0.112,Landsat-5 TM,2.1,SYNTHETIC_PLACEHOLDER,"Demo spectral indices for Dharmapuri, 2011-04. Replace with real Sentinel-2/Landsat analysis."
Dharmapuri,2011,5,2011-05-15,0.23,0.122,-0.132,Sentinel-2A MSI,6.8,SYNTHETIC_PLACEHOLDER,"Demo spectral indices for Dharmapuri, 2011-05. Replace with real Sentinel-2/Landsat analysis."
Dharmapuri,2011,6,2011-06-15,0.478,0.027,0.268,Sentinel-2B MSI,1.3,SYNTHETIC_PLACEHOLDER,"Demo spectral indices for Dharmapuri, 2011-06. Replace with real Sentinel-2/Landsat analysis."
Dharmapuri,2011,7,2011-07-15,0.432,0.232,0.121,Landsat-8 OLI,6.6,SYNTHETIC_PLACEHOLDER,"Demo spectral indices for Dharmapuri, 2011-07. Replace with real Sentinel-2/Landsat analysis."
Dharmapuri,2011,8,2011-08-15,0.588,0.09,-0.131,Sentinel-2B MSI,1.7,SYNTHETIC_PLACEHOLDER,"Demo spectral indices for Dharmapuri, 2011-08. Replace with real Sentinel-2/Landsat analysis."
Dharmapuri,2011,9,2011-09-15,0.557,0.275,0.018,Landsat-8 OLI,0.7,SYNTHETIC_PLACEHOLDER,"Demo spectral indices for Dharmapuri, 2011-09. Replace with real Sentinel-2/Landsat analysis."
Dharmapuri,2011,10,2011-10-15,0.579,-0.195,-0.084,Landsat-7 ETM+,11.5,SYNTHETIC_PLACEHOLDER,"Demo spectral indices for Dharmapuri, 2011-10. Replace with real Sentinel-2/Landsat analysis."
Dharmapuri,2011,11,2011-11-15,0.482,-0.116,0.024,Sentinel-2A MSI,2.6,SYNTHETIC_PLACEHOLDER,"Demo spectral indices for Dharmapuri, 2011-11. Replace with real Sentinel-2/Landsat analysis."
Dharmapuri,2011,12,2011-12-15,0.446,0.15,0.208,Landsat-8 OLI,1.1,SYNTHETIC_PLACEHOLDER,"Demo spectral indices for Dharmapuri, 2011-12. Replace with real Sentinel-2/Landsat analysis."
Dharmapuri,2015,1,2015-01-15,0.477,-0.387,0.257,Landsat-8 OLI,8.6,SYNTHETIC_PLACEHOLDER,"Demo spectral indices for Dharmapuri, 2015-01. Replace with real Sentinel-2/Landsat analysis."
Dharmapuri,2015,2,2015-02-15,0.486,-0.108,-0.187,Landsat-5 TM,14.5,SYNTHETIC_PLACEHOLDER,"Demo spectral indices for Dharmapuri, 2015-02. Replace with real Sentinel-2/Landsat analysis."
Dharmapuri,2015,3,2015-03-15,0.229,-0.078,0.129,Landsat-8 OLI,1.3,SYNTHETIC_PLACEHOLDER,"Demo spectral indices for Dharmapuri, 2015-03. Replace with real Sentinel-2/Landsat analysis."
Dharmapuri,2015,4,2015-04-15,0.293,0.012,0.038,Sentinel-2A MSI,13.1,SYNTHETIC_PLACEHOLDER,"Demo spectral indices for Dharmapuri, 2015-04. Replace with real Sentinel-2/Landsat analysis."
Dharmapuri,2015,5,2015-05-15,0.271,0.145,-0.208,Landsat-5 TM,8.0,SYNTHETIC_PLACEHOLDER,"Demo spectral indices for Dharmapuri, 2015-05. Replace with real Sentinel-2/Landsat analysis."
Dharmapuri,2015,6,2015-06-15,0.536,0.046,0.277,Landsat-7 ETM+,3.5,SYNTHETIC_PLACEHOLDER,"Demo spectral indices for Dharmapuri, 2015-06. Replace with real Sentinel-2/Landsat analysis."
Dharmapuri,2015,7,2015-07-15,0.464,0.222,0.168,Landsat-5 TM,2.7,SYNTHETIC_PLACEHOLDER,"Demo spectral indices for Dharmapuri, 2015-07. Replace with real Sentinel-2/Landsat analysis."
Dharmapuri,2015,8,2015-08-15,0.681,0.328,0.168,Sentinel-2A MSI,10.2,SYNTHETIC_PLACEHOLDER,"Demo spectral indices for Dharmapuri, 2015-08. Replace with real Sentinel-2/Landsat analysis."
Dharmapuri,2015,9,2015-09-15,0.729,0.491,-0.072,Landsat-8 OLI,2.3,SYNTHETIC_PLACEHOLDER,"Demo spectral indices for Dharmapuri, 2015-09. Replace with real Sentinel-2/Landsat analysis."
Dharmapuri,2015,10,2015-10-15,0.465,0.012,-0.099,Landsat-5 TM,5.3,SYNTHETIC_PLACEHOLDER,"Demo spectral indices for Dharmapuri, 2015-10. Replace with real Sentinel-2/Landsat analysis."
Dharmapuri,2015,11,2015-11-15,0.361,-0.174,-0.047,Landsat-8 OLI,1.2,SYNTHETIC_PLACEHOLDER,"Demo spectral indices for Dharmapuri, 2015-11. Replace with real Sentinel-2/Landsat analysis."
Dharmapuri,2015,12,2015-12-15,0.558,0.231,0.029,Sentinel-2A MSI,8.7,SYNTHETIC_PLACEHOLDER,"Demo spectral indices for Dharmapuri, 2015-12. Replace with real Sentinel-2/Landsat analysis."
Dindigul,2005,1,2005-01-15,0.565,-0.371,0.25,Sentinel-2B MSI,9.8,SYNTHETIC_PLACEHOLDER,"Demo spectral indices for Dindigul, 2005-01. Replace with real Sentinel-2/Landsat analysis."
Dindigul,2005,2,2005-02-15,0.412,-0.294,-0.216,Landsat-5 TM,12.2,SYNTHETIC_PLACEHOLDER,"Demo spectral indices for Dindigul, 2005-02. Replace with real Sentinel-2/Landsat analysis."
Dindigul,2005,3,2005-03-15,0.366,-0.341,0.105,Landsat-5 TM,3.7,SYNTHETIC_PLACEHOLDER,"Demo spectral indices for Dindigul, 2005-03. Replace with real Sentinel-2/Landsat analysis."
Dindigul,2005,4,2005-04-15,0.231,-0.034,-0.163,Landsat-8 OLI,13.8,SYNTHETIC_PLACEHOLDER,"Demo spectral indices for Dindigul, 2005-04. Replace with real Sentinel-2/Landsat analysis."
Dindigul,2005,5,2005-05-15,0.255,0.075,-0.221,Landsat-8 OLI,1.0,SYNTHETIC_PLACEHOLDER,"Demo spectral indices for Dindigul, 2005-05. Replace with real Sentinel-2/Landsat analysis."
Dindigul,2005,6,2005-06-15,0.496,-0.001,0.148,Sentinel-2B MSI,13.1,SYNTHETIC_PLACEHOLDER,"Demo spectral indices for Dindigul, 2005-06. Replace with real Sentinel-2/Landsat analysis."
Dindigul,2005,7,2005-07-15,0.558,-0.101,-0.058,Sentinel-2A MSI,1.9,SYNTHETIC_PLACEHOLDER,"Demo spectral indices for Dindigul, 2005-07. Replace with real Sentinel-2/Landsat analysis."
Dindigul,2005,8,2005-08-15,0.621,0.191,0.104,Landsat-8 OLI,12.2,SYNTHETIC_PLACEHOLDER,"Demo spectral indices for Dindigul, 2005-08. Replace with real Sentinel-2/Landsat analysis."
Dindigul,2005,9,2005-09-15,0.684,0.317,0.127,Sentinel-2B MSI,1.4,SYNTHETIC_PLACEHOLDER,"Demo spectral indices for Dindigul, 2005-09. Replace with real Sentinel-2/Landsat analysis."
Dindigul,2005,10,2005-10-15,0.652,-0.187,-0.08,Landsat-7 ETM+,5.1,SYNTHETIC_PLACEHOLDER,"Demo spectral indices for Dindigul, 2005-10. Replace with real Sentinel-2/Landsat analysis."
Dindigul,2005,11,2005-11-15,0.472,0.5,-0.165,Landsat-8 OLI,12.7,SYNTHETIC_PLACEHOLDER,"Demo spectral indices for Dindigul, 2005-11. Replace with real Sentinel-2/Landsat analysis."
Dindigul,2005,12,2005-12-15,0.397,0.385,0.236,Landsat-5 TM,9.9,SYNTHETIC_PLACEHOLDER,"Demo spectral indices for Dindigul, 2005-12. Replace with real Sentinel-2/Landsat analysis."
Dindigul,2011,1,2011-01-15,0.537,0.018,-0.165,Landsat-7 ETM+,12.5,SYNTHETIC_PLACEHOLDER,"Demo spectral indices for Dindigul, 2011-01. Replace with real Sentinel-2/Landsat analysis."
Dindigul,2011,2,2011-02-15,0.535,-0.284,-0.009,Sentinel-2A MSI,5.5,SYNTHETIC_PLACEHOLDER,"Demo spectral indices for Dindigul, 2011-02. Replace with real Sentinel-2/Landsat analysis."
Dindigul,2011,3,2011-03-15,0.341,0.027,0.164,Sentinel-2A MSI,3.5,SYNTHETIC_PLACEHOLDER,"Demo spectral indices for Dindigul, 2011-03. Replace with real Sentinel-2/Landsat analysis."
Dindigul,2011,4,2011-04-15,0.244,0.149,0.247,Landsat-7 ETM+,5.5,SYNTHETIC_PLACEHOLDER,"Demo spectral indices for Dindigul, 2011-04. Replace with real Sentinel-2/Landsat analysis."
Dindigul,2011,5,2011-05-15,0.388,-0.077,-0.095,Sentinel-2A MSI,7.5,SYNTHETIC_PLACEHOLDER,"Demo spectral indices for Dindigul, 2011-05. Replace with real Sentinel-2/Landsat analysis."
Dindigul,2011,6,2011-06-15,0.542,-0.06,0.083,Landsat-8 OLI,0.8,SYNTHETIC_PLACEHOLDER,"Demo spectral indices for Dindigul, 2011-06. Replace with real Sentinel-2/Landsat analysis."
Dindigul,2011,7,2011-07-15,0.581,0.454,0.141,Sentinel-2B MSI,12.8,SYNTHETIC_PLACEHOLDER,"Demo spectral indices for Dindigul, 2011-07. Replace with real Sentinel-2/Landsat analysis."
Dindigul,2011,8,2011-08-15,0.562,-0.009,0.248,Landsat-7 ETM+,12.5,SYNTHETIC_PLACEHOLDER,"Demo spectral indices for Dindigul, 2011-08. Replace with real Sentinel-2/Landsat analysis."
Dindigul,2011,9,2011-09-15,0.519,0.372,0.237,Landsat-5 TM,6.2,SYNTHETIC_PLACEHOLDER,"Demo spectral indices for Dindigul, 2011-09. Replace with real Sentinel-2/Landsat analysis."
Dindigul,2011,10,2011-10-15,0.556,0.07,-0.205,Landsat-7 ETM+,0.4,SYNTHETIC_PLACEHOLDER,"Demo spectral indices for Dindigul, 2011-10. Replace with real Sentinel-2/Landsat analysis."
Dindigul,2011,11,2011-11-15,0.57,0.255,0.185,Landsat-7 ETM+,0.6,SYNTHETIC_PLACEHOLDER,"Demo spectral indices for Dindigul, 2011-11. Replace with real Sentinel-2/Landsat analysis."
Dindigul,2011,12,2011-12-15,0.531,0.382,0.167,Sentinel-2A MSI,6.7,SYNTHETIC_PLACEHOLDER,"Demo spectral indices for Dindigul, 2011-12. Replace with real Sentinel-2/Landsat analysis."
Dindigul,2015,1,2015-01-15,0.309,-0.221,0.209,Sentinel-2B MSI,14.1,SYNTHETIC_PLACEHOLDER,"Demo spectral indices for Dindigul, 2015-01. Replace with real Sentinel-2/Landsat analysis."
Dindigul,2015,2,2015-02-15,0.464,0.143,-0.119,Landsat-5 TM,0.7,SYNTHETIC_PLACEHOLDER,"Demo spectral indices for Dindigul, 2015-02. Replace with real Sentinel-2/Landsat analysis."
Dindigul,2015,3,2015-03-15,0.263,-0.08,-0.189,Sentinel-2A MSI,9.0,SYNTHETIC_PLACEHOLDER,"Demo spectral indices for Dindigul, 2015-03. Replace with real Sentinel-2/Landsat analysis."
Dindigul,2015,4,2015-04-15,0.155,-0.231,-0.171,Sentinel-2A MSI,0.0,SYNTHETIC_PLACEHOLDER,"Demo spectral indices for Dindigul, 2015-04. Replace with real Sentinel-2/Landsat analysis."
Dindigul,2015,5,2015-05-15,0.228,-0.269,0.118,Sentinel-2B MSI,14.6,SYNTHETIC_PLACEHOLDER,"Demo spectral indices for Dindigul, 2015-05. Replace with real Sentinel-2/Landsat analysis."
Dindigul,2015,6,2015-06-15,0.473,0.155,0.294,Sentinel-2B MSI,0.3,SYNTHETIC_PLACEHOLDER,"Demo spectral indices for Dindigul, 2015-06. Replace with real Sentinel-2/Landsat analysis."
Dindigul,2015,7,2015-07-15,0.666,0.071,-0.045,Landsat-5 TM,5.4,SYNTHETIC_PLACEHOLDER,"Demo spectral indices for Dindigul, 2015-07. Replace with real Sentinel-2/Landsat analysis."
Dindigul,2015,8,2015-08-15,0.444,0.26,-0.193,Sentinel-2B MSI,11.0,SYNTHETIC_PLACEHOLDER,"Demo spectral indices for Dindigul, 2015-08. Replace with real Sentinel-2/Landsat analysis."
Dindigul,2015,9,2015-09-15,0.504,0.182,0.197,Landsat-7 ETM+,12.5,SYNTHETIC_PLACEHOLDER,"Demo spectral indices for Dindigul, 2015-09. Replace with real Sentinel-2/Landsat analysis."
Dindigul,2015,10,2015-10-15,0.703,0.135,-0.15,Landsat-7 ETM+,0.9,SYNTHETIC_PLACEHOLDER,"Demo spectral indices for Dindigul, 2015-10. Replace with real Sentinel-2/Landsat analysis."
Dindigul,2015,11,2015-11-15,0.501,0.005,-0.226,Landsat-7 ETM+,13.3,SYNTHETIC_PLACEHOLDER,"Demo spectral indices for Dindigul, 2015-11. Replace with real Sentinel-2/Landsat analysis."
Dindigul,2015,12,2015-12-15,0.394,0.079,0.198,Sentinel-2A MSI,3.8,SYNTHETIC_PLACEHOLDER,"Demo spectral indices for Dindigul, 2015-12. Replace with real Sentinel-2/Landsat analysis."
Erode,2005,1,2005-01-15,0.47,-0.15,0.179,Landsat-8 OLI,4.1,SYNTHETIC_PLACEHOLDER,"Demo spectral indices for Erode, 2005-01. Replace with real Sentinel-2/Landsat analysis."
Erode,2005,2,2005-02-15,0.504,-0.12,-0.008,Sentinel-2A MSI,5.1,SYNTHETIC_PLACEHOLDER,"Demo spectral indices for Erode, 2005-02. Replace with real Sentinel-2/Landsat analysis."
Erode,2005,3,2005-03-15,0.207,-0.143,0.189,Landsat-8 OLI,12.0,SYNTHETIC_PLACEHOLDER,"Demo spectral indices for Erode, 2005-03. Replace with real Sentinel-2/Landsat analysis."
Erode,2005,4,2005-04-15,0.253,0.022,0.202,Sentinel-2B MSI,4.4,SYNTHETIC_PLACEHOLDER,"Demo spectral indices for Erode, 2005-04. Replace with real Sentinel-2/Landsat analysis."
Erode,2005,5,2005-05-15,0.153,-0.193,-0.005,Sentinel-2A MSI,2.5,SYNTHETIC_PLACEHOLDER,"Demo spectral indices for Erode, 2005-05. Replace with real Sentinel-2/Landsat analysis."
Erode,2005,6,2005-06-15,0.578,0.309,0.251,Sentinel-2B MSI,15.0,SYNTHETIC_PLACEHOLDER,"Demo spectral indices for Erode, 2005-06. Replace with real Sentinel-2/Landsat analysis."
Erode,2005,7,2005-07-15,0.58,0.464,-0.209,Sentinel-2A MSI,5.4,SYNTHETIC_PLACEHOLDER,"Demo spectral indices for Erode, 2005-07. Replace with real Sentinel-2/Landsat analysis."
Erode,2005,8,2005-08-15,0.708,0.467,-0.171,Sentinel-2B MSI,10.2,SYNTHETIC_PLACEHOLDER,"Demo spectral indices for Erode, 2005-08. Replace with real Sentinel-2/Landsat analysis."
Erode,2005,9,2005-09-15,0.544,-0.035,0.105,Landsat-8 OLI,5.7,SYNTHETIC_PLACEHOLDER,"Demo spectral indices for Erode, 2005-09. Replace with real Sentinel-2/Landsat analysis."
Erode,2005,10,2005-10-15,0.631,0.275,0.272,Landsat-8 OLI,6.7,SYNTHETIC_PLACEHOLDER,"Demo spectral indices for Erode, 2005-10. Replace with real Sentinel-2/Landsat analysis."
Erode,2005,11,2005-11-15,0.329,0.057,-0.077,Landsat-8 OLI,3.7,SYNTHETIC_PLACEHOLDER,"Demo spectral indices for Erode, 2005-11. Replace with real Sentinel-2/Landsat analysis."
Erode,2005,12,2005-12-15,0.396,0.149,-0.037,Sentinel-2B MSI,1.8,SYNTHETIC_PLACEHOLDER,"Demo spectral indices for Erode, 2005-12. Replace with real Sentinel-2/Landsat analysis."
Erode,2011,1,2011-01-15,0.525,-0.25,0.087,Sentinel-2A MSI,3.0,SYNTHETIC_PLACEHOLDER,"Demo spectral indices for Erode, 2011-01. Replace with real Sentinel-2/Landsat analysis."
Erode,2011,2,2011-02-15,0.335,-0.279,0.142,Landsat-5 TM,12.2,SYNTHETIC_PLACEHOLDER,"Demo spectral indices for Erode, 2011-02. Replace with real Sentinel-2/Landsat analysis."
Erode,2011,3,2011-03-15,0.392,0.067,0.14,Sentinel-2B MSI,8.1,SYNTHETIC_PLACEHOLDER,"Demo spectral indices for Erode, 2011-03. Replace with real Sentinel-2/Landsat analysis."
Erode,2011,4,2011-04-15,0.363,0.098,0.26,Landsat-7 ETM+,11.9,SYNTHETIC_PLACEHOLDER,"Demo spectral indices for Erode, 2011-04. Replace with real Sentinel-2/Landsat analysis."
Erode,2011,5,2011-05-15,0.214,-0.259,-0.174,Sentinel-2A MSI,0.4,SYNTHETIC_PLACEHOLDER,"Demo spectral indices for Erode, 2011-05. Replace with real Sentinel-2/Landsat analysis."
Erode,2011,6,2011-06-15,0.603,0.363,0.053,Sentinel-2B MSI,13.3,SYNTHETIC_PLACEHOLDER,"Demo spectral indices for Erode, 2011-06. Replace with real Sentinel-2/Landsat analysis."
Erode,2011,7,2011-07-15,0.46,0.302,0.013,Sentinel-2A MSI,11.5,SYNTHETIC_PLACEHOLDER,"Demo spectral indices for Erode, 2011-07. Replace with real Sentinel-2/Landsat analysis."
Erode,2011,8,2011-08-15,0.654,0.481,0.103,Sentinel-2A MSI,7.0,SYNTHETIC_PLACEHOLDER,"Demo spectral indices for Erode, 2011-08. Replace with real Sentinel-2/Landsat analysis."
Erode,2011,9,2011-09-15,0.568,0.38,0.053,Sentinel-2B MSI,2.7,SYNTHETIC_PLACEHOLDER,"Demo spectral indices for Erode, 2011-09. Replace with real Sentinel-2/Landsat analysis."
Erode,2011,10,2011-10-15,0.733,0.437,-0.22,Landsat-5 TM,7.8,SYNTHETIC_PLACEHOLDER,"Demo spectral indices for Erode, 2011-10. Replace with real Sentinel-2/Landsat analysis."
Erode,2011,11,2011-11-15,0.377,0.454,-0.126,Sentinel-2B MSI,13.4,SYNTHETIC_PLACEHOLDER,"Demo spectral indices for Erode, 2011-11. Replace with real Sentinel-2/Landsat analysis."
Erode,2011,12,2011-12-15,0.494,0.245,0.053,Landsat-7 ETM+,9.4,SYNTHETIC_PLACEHOLDER,"Demo spectral indices for Erode, 2011-12. Replace with real Sentinel-2/Landsat analysis."
Erode,2015,1,2015-01-15,0.432,0.049,0.075,Sentinel-2B MSI,2.3,SYNTHETIC_PLACEHOLDER,"Demo spectral indices for Erode, 2015-01. Replace with real Sentinel-2/Landsat analysis."
Erode,2015,2,2015-02-15,0.504,0.024,0.213,Sentinel-2B MSI,0.6,SYNTHETIC_PLACEHOLDER,"Demo spectral indices for Erode, 2015-02. Replace with real Sentinel-2/Landsat analysis."
Erode,2015,3,2015-03-15,0.281,0.264,0.174,Landsat-8 OLI,9.8,SYNTHETIC_PLACEHOLDER,"Demo spectral indices for Erode, 2015-03. Replace with real Sentinel-2/Landsat analysis."
Erode,2015,4,2015-04-15,0.295,0.047,0.024,Sentinel-2B MSI,4.3,SYNTHETIC_PLACEHOLDER,"Demo spectral indices for Erode, 2015-04. Replace with real Sentinel-2/Landsat analysis."
Erode,2015,5,2015-05-15,0.34,0.163,0.127,Landsat-8 OLI,6.8,SYNTHETIC_PLACEHOLDER,"Demo spectral indices for Erode, 2015-05. Replace with real Sentinel-2/Landsat analysis."
Erode,2015,6,2015-06-15,0.622,0.091,0.005,Landsat-8 OLI,9.1,SYNTHETIC_PLACEHOLDER,"Demo spectral indices for Erode, 2015-06. Replace with real Sentinel-2/Landsat analysis."
Erode,2015,7,2015-07-15,0.566,0.314,0.223,Sentinel-2A MSI,2.0,SYNTHETIC_PLACEHOLDER,"Demo spectral indices for Erode, 2015-07. Replace with real Sentinel-2/Landsat analysis."
Erode,2015,8,2015-08-15,0.567,0.023,0.007,Landsat-8 OLI,6.7,SYNTHETIC_PLACEHOLDER,"Demo spectral indices for Erode, 2015-08. Replace with real Sentinel-2/Landsat analysis."
Erode,2015,9,2015-09-15,0.447,0.462,0.225,Sentinel-2A MSI,3.7,SYNTHETIC_PLACEHOLDER,"Demo spectral indices for Erode, 2015-09. Replace with real Sentinel-2/Landsat analysis."
Erode,2015,10,2015-10-15,0.676,0.029,0.068,Landsat-8 OLI,2.8,SYNTHETIC_PLACEHOLDER,"Demo spectral indices for Erode, 2015-10. Replace with real Sentinel-2/Landsat analysis."
Erode,2015,11,2015-11-15,0.431,0.127,0.233,Sentinel-2A MSI,0.3,SYNTHETIC_PLACEHOLDER,"Demo spectral indices for Erode, 2015-11. Replace with real Sentinel-2/Landsat analysis."
Erode,2015,12,2015-12-15,0.54,0.477,-0.132,Landsat-8 OLI,0.7,SYNTHETIC_PLACEHOLDER,"Demo spectral indices for Erode, 2015-12. Replace with real Sentinel-2/Landsat analysis."
Kallakurichi,2005,1,2005-01-15,0.416,0.19,0.12,Landsat-8 OLI,8.1,SYNTHETIC_PLACEHOLDER,"Demo spectral indices for Kallakurichi, 2005-01. Replace with real Sentinel-2/Landsat analysis."
Kallakurichi,2005,2,2005-02-15,0.513,0.218,0.15,Sentinel-2A MSI,5.5,SYNTHETIC_PLACEHOLDER,"Demo spectral indices for Kallakurichi, 2005-02. Replace with real Sentinel-2/Landsat analysis."
Kallakurichi,2005,3,2005-03-15,0.237,-0.264,0.054,Landsat-5 TM,5.8,SYNTHETIC_PLACEHOLDER,"Demo spectral indices for Kallakurichi, 2005-03. Replace with real Sentinel-2/Landsat analysis."
Kallakurichi,2005,4,2005-04-15,0.245,0.178,0.093,Sentinel-2B MSI,1.8,SYNTHETIC_PLACEHOLDER,"Demo spectral indices for Kallakurichi, 2005-04. Replace with real Sentinel-2/Landsat analysis."
Kallakurichi,2005,5,2005-05-15,0.334,0.156,-0.064,Landsat-8 OLI,11.3,SYNTHETIC_PLACEHOLDER,"Demo spectral indices for Kallakurichi, 2005-05. Replace with real Sentinel-2/Landsat analysis."
Kallakurichi,2005,6,2005-06-15,0.511,0.15,-0.225,Landsat-7 ETM+,10.7,SYNTHETIC_PLACEHOLDER,"Demo spectral indices for Kallakurichi, 2005-06. Replace with real Sentinel-2/Landsat analysis."
Kallakurichi,2005,7,2005-07-15,0.693,-0.096,0.241,Landsat-7 ETM+,4.9,SYNTHETIC_PLACEHOLDER,"Demo spectral indices for Kallakurichi, 2005-07. Replace with real Sentinel-2/Landsat analysis."
Kallakurichi,2005,8,2005-08-15,0.6,0.493,0.157,Landsat-8 OLI,8.9,SYNTHETIC_PLACEHOLDER,"Demo spectral indices for Kallakurichi, 2005-08. Replace with real Sentinel-2/Landsat analysis."
Kallakurichi,2005,9,2005-09-15,0.603,0.143,0.06,Sentinel-2A MSI,12.2,SYNTHETIC_PLACEHOLDER,"Demo spectral indices for Kallakurichi, 2005-09. Replace with real Sentinel-2/Landsat analysis."
Kallakurichi,2005,10,2005-10-15,0.578,0.486,0.071,Landsat-5 TM,9.0,SYNTHETIC_PLACEHOLDER,"Demo spectral indices for Kallakurichi, 2005-10. Replace with real Sentinel-2/Landsat analysis."
Kallakurichi,2005,11,2005-11-15,0.419,0.48,0.068,Landsat-7 ETM+,10.8,SYNTHETIC_PLACEHOLDER,"Demo spectral indices for Kallakurichi, 2005-11. Replace with real Sentinel-2/Landsat analysis."
Kallakurichi,2005,12,2005-12-15,0.434,0.24,0.091,Sentinel-2A MSI,2.2,SYNTHETIC_PLACEHOLDER,"Demo spectral indices for Kallakurichi, 2005-12. Replace with real Sentinel-2/Landsat analysis."
Kallakurichi,2011,1,2011-01-15,0.439,0.264,-0.19,Landsat-5 TM,6.6,SYNTHETIC_PLACEHOLDER,"Demo spectral indices for Kallakurichi, 2011-01. Replace with real Sentinel-2/Landsat analysis."
Kallakurichi,2011,2,2011-02-15,0.425,-0.257,0.026,Sentinel-2B MSI,13.8,SYNTHETIC_PLACEHOLDER,"Demo spectral indices for Kallakurichi, 2011-02. Replace with real Sentinel-2/Landsat analysis."
Kallakurichi,2011,3,2011-03-15,0.348,-0.356,-0.174,Landsat-7 ETM+,8.4,SYNTHETIC_PLACEHOLDER,"Demo spectral indices for Kallakurichi, 2011-03. Replace with real Sentinel-2/Landsat analysis."
Kallakurichi,2011,4,2011-04-15,0.347,-0.136,0.276,Sentinel-2A MSI,13.7,SYNTHETIC_PLACEHOLDER,"Demo spectral indices for Kallakurichi, 2011-04. Replace with real Sentinel-2/Landsat analysis."
Kallakurichi,2011,5,2011-05-15,0.204,0.14,0.147,Landsat-8 OLI,9.2,SYNTHETIC_PLACEHOLDER,"Demo spectral indices for Kallakurichi, 2011-05. Replace with real Sentinel-2/Landsat analysis."
Kallakurichi,2011,6,2011-06-15,0.482,0.191,-0.126,Landsat-8 OLI,11.6,SYNTHETIC_PLACEHOLDER,"Demo spectral indices for Kallakurichi, 2011-06. Replace with real Sentinel-2/Landsat analysis."
Kallakurichi,2011,7,2011-07-15,0.68,0.142,0.014,Sentinel-2B MSI,14.0,SYNTHETIC_PLACEHOLDER,"Demo spectral indices for Kallakurichi, 2011-07. Replace with real Sentinel-2/Landsat analysis."
Kallakurichi,2011,8,2011-08-15,0.666,-0.115,0.122,Sentinel-2A MSI,13.4,SYNTHETIC_PLACEHOLDER,"Demo spectral indices for Kallakurichi, 2011-08. Replace with real Sentinel-2/Landsat analysis."
Kallakurichi,2011,9,2011-09-15,0.553,0.341,-0.169,Landsat-5 TM,4.3,SYNTHETIC_PLACEHOLDER,"Demo spectral indices for Kallakurichi, 2011-09. Replace with real Sentinel-2/Landsat analysis."
Kallakurichi,2011,10,2011-10-15,0.649,0.11,-0.109,Sentinel-2A MSI,3.2,SYNTHETIC_PLACEHOLDER,"Demo spectral indices for Kallakurichi, 2011-10. Replace with real Sentinel-2/Landsat analysis."
Kallakurichi,2011,11,2011-11-15,0.493,0.193,-0.101,Landsat-5 TM,9.2,SYNTHETIC_PLACEHOLDER,"Demo spectral indices for Kallakurichi, 2011-11. Replace with real Sentinel-2/Landsat analysis."
Kallakurichi,2011,12,2011-12-15,0.442,0.269,0.042,Landsat-7 ETM+,0.8,SYNTHETIC_PLACEHOLDER,"Demo spectral indices for Kallakurichi, 2011-12. Replace with real Sentinel-2/Landsat analysis."
Kallakurichi,2015,1,2015-01-15,0.454,-0.33,0.174,Landsat-5 TM,14.5,SYNTHETIC_PLACEHOLDER,"Demo spectral indices for Kallakurichi, 2015-01. Replace with real Sentinel-2/Landsat analysis."
Kallakurichi,2015,2,2015-02-15,0.511,0.057,0.234,Sentinel-2A MSI,7.2,SYNTHETIC_PLACEHOLDER,"Demo spectral indices for Kallakurichi, 2015-02. Replace with real Sentinel-2/Landsat analysis."
Kallakurichi,2015,3,2015-03-15,0.236,-0.175,0.105,Landsat-5 TM,9.8,SYNTHETIC_PLACEHOLDER,"Demo spectral indices for Kallakurichi, 2015-03. Replace with real Sentinel-2/Landsat analysis."
Kallakurichi,2015,4,2015-04-15,0.22,0.195,-0.229,Landsat-7 ETM+,6.3,SYNTHETIC_PLACEHOLDER,"Demo spectral indices for Kallakurichi, 2015-04. Replace with real Sentinel-2/Landsat analysis."
Kallakurichi,2015,5,2015-05-15,0.361,-0.375,0.21,Sentinel-2A MSI,2.8,SYNTHETIC_PLACEHOLDER,"Demo spectral indices for Kallakurichi, 2015-05. Replace with real Sentinel-2/Landsat analysis."
Kallakurichi,2015,6,2015-06-15,0.712,0.003,-0.229,Landsat-8 OLI,8.5,SYNTHETIC_PLACEHOLDER,"Demo spectral indices for Kallakurichi, 2015-06. Replace with real Sentinel-2/Landsat analysis."
Kallakurichi,2015,7,2015-07-15,0.53,-0.001,0.294,Sentinel-2B MSI,7.9,SYNTHETIC_PLACEHOLDER,"Demo spectral indices for Kallakurichi, 2015-07. Replace with real Sentinel-2/Landsat analysis."
Kallakurichi,2015,8,2015-08-15,0.68,0.153,-0.1,Landsat-5 TM,5.0,SYNTHETIC_PLACEHOLDER,"Demo spectral indices for Kallakurichi, 2015-08. Replace with real Sentinel-2/Landsat analysis."
Kallakurichi,2015,9,2015-09-15,0.684,0.303,-0.242,Landsat-8 OLI,11.9,SYNTHETIC_PLACEHOLDER,"Demo spectral indices for Kallakurichi, 2015-09. Replace with real Sentinel-2/Landsat analysis."
Kallakurichi,2015,10,2015-10-15,0.646,-0.077,0.221,Sentinel-2A MSI,12.4,SYNTHETIC_PLACEHOLDER,"Demo spectral indices for Kallakurichi, 2015-10. Replace with real Sentinel-2/Landsat analysis."
Kallakurichi,2015,11,2015-11-15,0.412,0.268,-0.148,Landsat-7 ETM+,7.2,SYNTHETIC_PLACEHOLDER,"Demo spectral indices for Kallakurichi, 2015-11. Replace with real Sentinel-2/Landsat analysis."
Kallakurichi,2015,12,2015-12-15,0.488,0.069,-0.004,Landsat-8 OLI,14.3,SYNTHETIC_PLACEHOLDER,"Demo spectral indices for Kallakurichi, 2015-12. Replace with real Sentinel-2/Landsat analysis."
Kanchipuram,2005,1,2005-01-15,0.433,-0.392,0.11,Landsat-7 ETM+,0.9,SYNTHETIC_PLACEHOLDER,"Demo spectral indices for Kanchipuram, 2005-01. Replace with real Sentinel-2/Landsat analysis."
Kanchipuram,2005,2,2005-02-15,0.354,-0.116,0.026,Landsat-8 OLI,10.4,SYNTHETIC_PLACEHOLDER,"Demo spectral indices for Kanchipuram, 2005-02. Replace with real Sentinel-2/Landsat analysis."
Kanchipuram,2005,3,2005-03-15,0.322,-0.143,-0.129,Landsat-7 ETM+,7.2,SYNTHETIC_PLACEHOLDER,"Demo spectral indices for Kanchipuram, 2005-03. Replace with real Sentinel-2/Landsat analysis."
Kanchipuram,2005,4,2005-04-15,0.29,-0.138,0.136,Sentinel-2A MSI,11.4,SYNTHETIC_PLACEHOLDER,"Demo spectral indices for Kanchipuram, 2005-04. Replace with real Sentinel-2/Landsat analysis."
Kanchipuram,2005,5,2005-05-15,0.343,0.133,0.124,Sentinel-2B MSI,13.1,SYNTHETIC_PLACEHOLDER,"Demo spectral indices for Kanchipuram, 2005-05. Replace with real Sentinel-2/Landsat analysis."
Kanchipuram,2005,6,2005-06-15,0.469,0.293,-0.207,Sentinel-2B MSI,1.7,SYNTHETIC_PLACEHOLDER,"Demo spectral indices for Kanchipuram, 2005-06. Replace with real Sentinel-2/Landsat analysis."
Kanchipuram,2005,7,2005-07-15,0.739,-0.058,0.045,Landsat-7 ETM+,4.9,SYNTHETIC_PLACEHOLDER,"Demo spectral indices for Kanchipuram, 2005-07. Replace with real Sentinel-2/Landsat analysis."
Kanchipuram,2005,8,2005-08-15,0.568,-0.056,0.071,Landsat-5 TM,13.5,SYNTHETIC_PLACEHOLDER,"Demo spectral indices for Kanchipuram, 2005-08. Replace with real Sentinel-2/Landsat analysis."
Kanchipuram,2005,9,2005-09-15,0.539,-0.108,-0.022,Sentinel-2B MSI,0.9,SYNTHETIC_PLACEHOLDER,"Demo spectral indices for Kanchipuram, 2005-09. Replace with real Sentinel-2/Landsat analysis."
Kanchipuram,2005,10,2005-10-15,0.619,0.306,-0.032,Landsat-5 TM,11.2,SYNTHETIC_PLACEHOLDER,"Demo spectral indices for Kanchipuram, 2005-10. Replace with real Sentinel-2/Landsat analysis."
Kanchipuram,2005,11,2005-11-15,0.42,0.041,-0.215,Landsat-5 TM,14.0,SYNTHETIC_PLACEHOLDER,"Demo spectral indices for Kanchipuram, 2005-11. Replace with real Sentinel-2/Landsat analysis."
Kanchipuram,2005,12,2005-12-15,0.407,-0.178,-0.025,Landsat-7 ETM+,11.5,SYNTHETIC_PLACEHOLDER,"Demo spectral indices for Kanchipuram, 2005-12. Replace with real Sentinel-2/Landsat analysis."
Kanchipuram,2011,1,2011-01-15,0.56,-0.106,0.296,Sentinel-2A MSI,6.7,SYNTHETIC_PLACEHOLDER,"Demo spectral indices for Kanchipuram, 2011-01. Replace with real Sentinel-2/Landsat analysis."
Kanchipuram,2011,2,2011-02-15,0.521,-0.344,0.28,Sentinel-2B MSI,2.0,SYNTHETIC_PLACEHOLDER,"Demo spectral indices for Kanchipuram, 2011-02. Replace with real Sentinel-2/Landsat analysis."
Kanchipuram,2011,3,2011-03-15,0.284,0.295,-0.034,Landsat-7 ETM+,10.9,SYNTHETIC_PLACEHOLDER,"Demo spectral indices for Kanchipuram, 2011-03. Replace with real Sentinel-2/Landsat analysis."
Kanchipuram,2011,4,2011-04-15,0.145,-0.384,-0.086,Sentinel-2B MSI,6.4,SYNTHETIC_PLACEHOLDER,"Demo spectral indices for Kanchipuram, 2011-04. Replace with real Sentinel-2/Landsat analysis."
Kanchipuram,2011,5,2011-05-15,0.199,-0.078,-0.165,Landsat-7 ETM+,14.1,SYNTHETIC_PLACEHOLDER,"Demo spectral indices for Kanchipuram, 2011-05. Replace with real Sentinel-2/Landsat analysis."
Kanchipuram,2011,6,2011-06-15,0.629,0.367,-0.019,Landsat-5 TM,3.6,SYNTHETIC_PLACEHOLDER,"Demo spectral indices for Kanchipuram, 2011-06. Replace with real Sentinel-2/Landsat analysis."
Kanchipuram,2011,7,2011-07-15,0.48,0.113,0.12,Landsat-5 TM,3.7,SYNTHETIC_PLACEHOLDER,"Demo spectral indices for Kanchipuram, 2011-07. Replace with real Sentinel-2/Landsat analysis."
Kanchipuram,2011,8,2011-08-15,0.457,0.178,0.165,Landsat-5 TM,2.1,SYNTHETIC_PLACEHOLDER,"Demo spectral indices for Kanchipuram, 2011-08. Replace with real Sentinel-2/Landsat analysis."
Kanchipuram,2011,9,2011-09-15,0.721,0.441,0.067,Sentinel-2B MSI,9.0,SYNTHETIC_PLACEHOLDER,"Demo spectral indices for Kanchipuram, 2011-09. Replace with real Sentinel-2/Landsat analysis."
Kanchipuram,2011,10,2011-10-15,0.634,0.011,-0.171,Sentinel-2B MSI,3.3,SYNTHETIC_PLACEHOLDER,"Demo spectral indices for Kanchipuram, 2011-10. Replace with real Sentinel-2/Landsat analysis."
Kanchipuram,2011,11,2011-11-15,0.366,0.464,0.234,Landsat-7 ETM+,9.4,SYNTHETIC_PLACEHOLDER,"Demo spectral indices for Kanchipuram, 2011-11. Replace with real Sentinel-2/Landsat analysis."
Kanchipuram,2011,12,2011-12-15,0.435,0.481,0.268,Sentinel-2A MSI,11.8,SYNTHETIC_PLACEHOLDER,"Demo spectral indices for Kanchipuram, 2011-12. Replace with real Sentinel-2/Landsat analysis."
Kanchipuram,2015,1,2015-01-15,0.405,-0.296,-0.043,Sentinel-2B MSI,7.1,SYNTHETIC_PLACEHOLDER,"Demo spectral indices for Kanchipuram, 2015-01. Replace with real Sentinel-2/Landsat analysis."
Kanchipuram,2015,2,2015-02-15,0.5,0.095,0.193,Landsat-5 TM,8.4,SYNTHETIC_PLACEHOLDER,"Demo spectral indices for Kanchipuram, 2015-02. Replace with real Sentinel-2/Landsat analysis."
Kanchipuram,2015,3,2015-03-15,0.349,-0.306,-0.116,Landsat-7 ETM+,5.0,SYNTHETIC_PLACEHOLDER,"Demo spectral indices for Kanchipuram, 2015-03. Replace with real Sentinel-2/Landsat analysis."
Kanchipuram,2015,4,2015-04-15,0.161,-0.14,0.045,Landsat-7 ETM+,0.8,SYNTHETIC_PLACEHOLDER,"Demo spectral indices for Kanchipuram, 2015-04. Replace with real Sentinel-2/Landsat analysis."
Kanchipuram,2015,5,2015-05-15,0.236,-0.372,-0.21,Sentinel-2B MSI,10.9,SYNTHETIC_PLACEHOLDER,"Demo spectral indices for Kanchipuram, 2015-05. Replace with real Sentinel-2/Landsat analysis."
Kanchipuram,2015,6,2015-06-15,0.616,0.409,-0.067,Landsat-5 TM,3.2,SYNTHETIC_PLACEHOLDER,"Demo spectral indices for Kanchipuram, 2015-06. Replace with real Sentinel-2/Landsat analysis."
Kanchipuram,2015,7,2015-07-15,0.531,0.323,0.165,Landsat-7 ETM+,10.4,SYNTHETIC_PLACEHOLDER,"Demo spectral indices for Kanchipuram, 2015-07. Replace with real Sentinel-2/Landsat analysis."
Kanchipuram,2015,8,2015-08-15,0.651,-0.032,-0.073,Landsat-8 OLI,5.7,SYNTHETIC_PLACEHOLDER,"Demo spectral indices for Kanchipuram, 2015-08. Replace with real Sentinel-2/Landsat analysis."
Kanchipuram,2015,9,2015-09-15,0.596,-0.017,0.032,Sentinel-2A MSI,7.0,SYNTHETIC_PLACEHOLDER,"Demo spectral indices for Kanchipuram, 2015-09. Replace with real Sentinel-2/Landsat analysis."
Kanchipuram,2015,10,2015-10-15,0.713,0.333,-0.074,Landsat-7 ETM+,5.6,SYNTHETIC_PLACEHOLDER,"Demo spectral indices for Kanchipuram, 2015-10. Replace with real Sentinel-2/Landsat analysis."
Kanchipuram,2015,11,2015-11-15,0.439,-0.045,-0.17,Landsat-8 OLI,8.3,SYNTHETIC_PLACEHOLDER,"Demo spectral indices for Kanchipuram, 2015-11. Replace with real Sentinel-2/Landsat analysis."
Kanchipuram,2015,12,2015-12-15,0.489,0.007,-0.142,Landsat-7 ETM+,5.7,SYNTHETIC_PLACEHOLDER,"Demo spectral indices for Kanchipuram, 2015-12. Replace with real Sentinel-2/Landsat analysis."
Kanyakumari,2005,1,2005-01-15,0.517,0.058,0.127,Landsat-8 OLI,11.5,SYNTHETIC_PLACEHOLDER,"Demo spectral indices for Kanyakumari, 2005-01. Replace with real Sentinel-2/Landsat analysis."
Kanyakumari,2005,2,2005-02-15,0.47,0.118,0.003,Landsat-8 OLI,2.5,SYNTHETIC_PLACEHOLDER,"Demo spectral indices for Kanyakumari, 2005-02. Replace with real Sentinel-2/Landsat analysis."
Kanyakumari,2005,3,2005-03-15,0.293,0.242,0.048,Landsat-5 TM,7.9,SYNTHETIC_PLACEHOLDER,"Demo spectral indices for Kanyakumari, 2005-03. Replace with real Sentinel-2/Landsat analysis."
Kanyakumari,2005,4,2005-04-15,0.275,0.173,-0.223,Landsat-5 TM,6.2,SYNTHETIC_PLACEHOLDER,"Demo spectral indices for Kanyakumari, 2005-04. Replace with real Sentinel-2/Landsat analysis."
Kanyakumari,2005,5,2005-05-15,0.292,0.095,-0.245,Sentinel-2B MSI,6.8,SYNTHETIC_PLACEHOLDER,"Demo spectral indices for Kanyakumari, 2005-05. Replace with real Sentinel-2/Landsat analysis."
Kanyakumari,2005,6,2005-06-15,0.482,0.454,0.252,Sentinel-2A MSI,0.2,SYNTHETIC_PLACEHOLDER,"Demo spectral indices for Kanyakumari, 2005-06. Replace with real Sentinel-2/Landsat analysis."
Kanyakumari,2005,7,2005-07-15,0.601,-0.188,0.147,Sentinel-2B MSI,14.7,SYNTHETIC_PLACEHOLDER,"Demo spectral indices for Kanyakumari, 2005-07. Replace with real Sentinel-2/Landsat analysis."
Kanyakumari,2005,8,2005-08-15,0.486,0.272,0.193,Landsat-7 ETM+,1.6,SYNTHETIC_PLACEHOLDER,"Demo spectral indices for Kanyakumari, 2005-08. Replace with real Sentinel-2/Landsat analysis."
Kanyakumari,2005,9,2005-09-15,0.444,-0.066,0.04,Landsat-8 OLI,4.0,SYNTHETIC_PLACEHOLDER,"Demo spectral indices for Kanyakumari, 2005-09. Replace with real Sentinel-2/Landsat analysis."
Kanyakumari,2005,10,2005-10-15,0.556,0.084,0.061,Landsat-7 ETM+,4.5,SYNTHETIC_PLACEHOLDER,"Demo spectral indices for Kanyakumari, 2005-10. Replace with real Sentinel-2/Landsat analysis."
Kanyakumari,2005,11,2005-11-15,0.474,0.494,0.107,Landsat-5 TM,1.4,SYNTHETIC_PLACEHOLDER,"Demo spectral indices for Kanyakumari, 2005-11. Replace with real Sentinel-2/Landsat analysis."
Kanyakumari,2005,12,2005-12-15,0.431,-0.161,-0.245,Landsat-7 ETM+,1.2,SYNTHETIC_PLACEHOLDER,"Demo spectral indices for Kanyakumari, 2005-12. Replace with real Sentinel-2/Landsat analysis."
Kanyakumari,2011,1,2011-01-15,0.534,-0.168,0.288,Landsat-5 TM,13.4,SYNTHETIC_PLACEHOLDER,"Demo spectral indices for Kanyakumari, 2011-01. Replace with real Sentinel-2/Landsat analysis."
Kanyakumari,2011,2,2011-02-15,0.507,0.231,0.131,Sentinel-2B MSI,7.1,SYNTHETIC_PLACEHOLDER,"Demo spectral indices for Kanyakumari, 2011-02. Replace with real Sentinel-2/Landsat analysis."
Kanyakumari,2011,3,2011-03-15,0.117,0.248,0.245,Sentinel-2B MSI,9.9,SYNTHETIC_PLACEHOLDER,"Demo spectral indices for Kanyakumari, 2011-03. Replace with real Sentinel-2/Landsat analysis."
Kanyakumari,2011,4,2011-04-15,0.221,-0.389,-0.136,Landsat-7 ETM+,11.3,SYNTHETIC_PLACEHOLDER,"Demo spectral indices for Kanyakumari, 2011-04. Replace with real Sentinel-2/Landsat analysis."
Kanyakumari,2011,5,2011-05-15,0.282,-0.346,-0.161,Landsat-7 ETM+,8.5,SYNTHETIC_PLACEHOLDER,"Demo spectral indices for Kanyakumari, 2011-05. Replace with real Sentinel-2/Landsat analysis."
Kanyakumari,2011,6,2011-06-15,0.723,0.178,-0.039,Landsat-7 ETM+,11.9,SYNTHETIC_PLACEHOLDER,"Demo spectral indices for Kanyakumari, 2011-06. Replace with real Sentinel-2/Landsat analysis."
Kanyakumari,2011,7,2011-07-15,0.615,0.322,-0.06,Landsat-5 TM,6.6,SYNTHETIC_PLACEHOLDER,"Demo spectral indices for Kanyakumari, 2011-07. Replace with real Sentinel-2/Landsat analysis."
Kanyakumari,2011,8,2011-08-15,0.686,0.338,0.275,Sentinel-2A MSI,14.5,SYNTHETIC_PLACEHOLDER,"Demo spectral indices for Kanyakumari, 2011-08. Replace with real Sentinel-2/Landsat analysis."
Kanyakumari,2011,9,2011-09-15,0.561,0.348,-0.002,Landsat-7 ETM+,5.3,SYNTHETIC_PLACEHOLDER,"Demo spectral indices for Kanyakumari, 2011-09. Replace with real Sentinel-2/Landsat analysis."
Kanyakumari,2011,10,2011-10-15,0.726,0.276,0.113,Landsat-5 TM,11.6,SYNTHETIC_PLACEHOLDER,"Demo spectral indices for Kanyakumari, 2011-10. Replace with real Sentinel-2/Landsat analysis."
Kanyakumari,2011,11,2011-11-15,0.384,-0.149,-0.103,Sentinel-2A MSI,10.7,SYNTHETIC_PLACEHOLDER,"Demo spectral indices for Kanyakumari, 2011-11. Replace with real Sentinel-2/Landsat analysis."
Kanyakumari,2011,12,2011-12-15,0.501,0.022,-0.191,Landsat-5 TM,14.1,SYNTHETIC_PLACEHOLDER,"Demo spectral indices for Kanyakumari, 2011-12. Replace with real Sentinel-2/Landsat analysis."
Kanyakumari,2015,1,2015-01-15,0.465,-0.328,-0.202,Sentinel-2A MSI,6.7,SYNTHETIC_PLACEHOLDER,"Demo spectral indices for Kanyakumari, 2015-01. Replace with real Sentinel-2/Landsat analysis."
Kanyakumari,2015,2,2015-02-15,0.452,-0.382,-0.055,Landsat-5 TM,9.0,SYNTHETIC_PLACEHOLDER,"Demo spectral indices for Kanyakumari, 2015-02. Replace with real Sentinel-2/Landsat analysis."
Kanyakumari,2015,3,2015-03-15,0.343,-0.391,-0.022,Landsat-5 TM,10.9,SYNTHETIC_PLACEHOLDER,"Demo spectral indices for Kanyakumari, 2015-03. Replace with real Sentinel-2/Landsat analysis."
Kanyakumari,2015,4,2015-04-15,0.311,-0.23,0.037,Sentinel-2A MSI,2.5,SYNTHETIC_PLACEHOLDER,"Demo spectral indices for Kanyakumari, 2015-04. Replace with real Sentinel-2/Landsat analysis."
Kanyakumari,2015,5,2015-05-15,0.181,-0.298,-0.158,Landsat-8 OLI,6.3,SYNTHETIC_PLACEHOLDER,"Demo spectral indices for Kanyakumari, 2015-05. Replace with real Sentinel-2/Landsat analysis."
Kanyakumari,2015,6,2015-06-15,0.553,-0.024,-0.114,Sentinel-2A MSI,8.9,SYNTHETIC_PLACEHOLDER,"Demo spectral indices for Kanyakumari, 2015-06. Replace with real Sentinel-2/Landsat analysis."
Kanyakumari,2015,7,2015-07-15,0.469,0.013,0.272,Landsat-8 OLI,12.6,SYNTHETIC_PLACEHOLDER,"Demo spectral indices for Kanyakumari, 2015-07. Replace with real Sentinel-2/Landsat analysis."
Kanyakumari,2015,8,2015-08-15,0.6,0.108,-0.013,Sentinel-2B MSI,2.0,SYNTHETIC_PLACEHOLDER,"Demo spectral indices for Kanyakumari, 2015-08. Replace with real Sentinel-2/Landsat analysis."
Kanyakumari,2015,9,2015-09-15,0.591,-0.059,-0.077,Sentinel-2A MSI,14.5,SYNTHETIC_PLACEHOLDER,"Demo spectral indices for Kanyakumari, 2015-09. Replace with real Sentinel-2/Landsat analysis."
Kanyakumari,2015,10,2015-10-15,0.557,0.144,0.067,Landsat-7 ETM+,4.9,SYNTHETIC_PLACEHOLDER,"Demo spectral indices for Kanyakumari, 2015-10. Replace with real Sentinel-2/Landsat analysis."
Kanyakumari,2015,11,2015-11-15,0.435,0.056,0.263,Landsat-7 ETM+,8.9,SYNTHETIC_PLACEHOLDER,"Demo spectral indices for Kanyakumari, 2015-11. Replace with real Sentinel-2/Landsat analysis."
Kanyakumari,2015,12,2015-12-15,0.477,0.185,0.274,Sentinel-2A MSI,14.1,SYNTHETIC_PLACEHOLDER,"Demo spectral indices for Kanyakumari, 2015-12. Replace with real Sentinel-2/Landsat analysis."
Karur,2005,1,2005-01-15,0.422,0.182,-0.212,Sentinel-2A MSI,10.1,SYNTHETIC_PLACEHOLDER,"Demo spectral indices for Karur, 2005-01. Replace with real Sentinel-2/Landsat analysis."
Karur,2005,2,2005-02-15,0.358,-0.223,-0.165,Sentinel-2A MSI,11.8,SYNTHETIC_PLACEHOLDER,"Demo spectral indices for Karur, 2005-02. Replace with real Sentinel-2/Landsat analysis."
Karur,2005,3,2005-03-15,0.214,-0.065,-0.03,Sentinel-2B MSI,13.9,SYNTHETIC_PLACEHOLDER,"Demo spectral indices for Karur, 2005-03. Replace with real Sentinel-2/Landsat analysis."
Karur,2005,4,2005-04-15,0.316,-0.374,0.283,Sentinel-2B MSI,8.9,SYNTHETIC_PLACEHOLDER,"Demo spectral indices for Karur, 2005-04. Replace with real Sentinel-2/Landsat analysis."
Karur,2005,5,2005-05-15,0.294,-0.226,0.116,Landsat-7 ETM+,9.7,SYNTHETIC_PLACEHOLDER,"Demo spectral indices for Karur, 2005-05. Replace with real Sentinel-2/Landsat analysis."
Karur,2005,6,2005-06-15,0.512,0.274,-0.03,Landsat-8 OLI,14.5,SYNTHETIC_PLACEHOLDER,"Demo spectral indices for Karur, 2005-06. Replace with real Sentinel-2/Landsat analysis."
Karur,2005,7,2005-07-15,0.53,-0.019,0.031,Sentinel-2B MSI,8.4,SYNTHETIC_PLACEHOLDER,"Demo spectral indices for Karur, 2005-07. Replace with real Sentinel-2/Landsat analysis."
Karur,2005,8,2005-08-15,0.628,0.062,0.005,Sentinel-2B MSI,10.4,SYNTHETIC_PLACEHOLDER,"Demo spectral indices for Karur, 2005-08. Replace with real Sentinel-2/Landsat analysis."
Karur,2005,9,2005-09-15,0.545,0.138,-0.088,Landsat-5 TM,1.7,SYNTHETIC_PLACEHOLDER,"Demo spectral indices for Karur, 2005-09. Replace with real Sentinel-2/Landsat analysis."
Karur,2005,10,2005-10-15,0.696,0.018,0.0,Landsat-7 ETM+,7.8,SYNTHETIC_PLACEHOLDER,"Demo spectral indices for Karur, 2005-10. Replace with real Sentinel-2/Landsat analysis."
Karur,2005,11,2005-11-15,0.379,0.305,-0.001,Landsat-5 TM,4.5,SYNTHETIC_PLACEHOLDER,"Demo spectral indices for Karur, 2005-11. Replace with real Sentinel-2/Landsat analysis."
Karur,2005,12,2005-12-15,0.474,0.394,0.106,Landsat-7 ETM+,13.9,SYNTHETIC_PLACEHOLDER,"Demo spectral indices for Karur, 2005-12. Replace with real Sentinel-2/Landsat analysis."
Karur,2011,1,2011-01-15,0.5,-0.014,-0.068,Sentinel-2A MSI,14.4,SYNTHETIC_PLACEHOLDER,"Demo spectral indices for Karur, 2011-01. Replace with real Sentinel-2/Landsat analysis."
Karur,2011,2,2011-02-15,0.387,-0.271,0.102,Sentinel-2A MSI,5.9,SYNTHETIC_PLACEHOLDER,"Demo spectral indices for Karur, 2011-02. Replace with real Sentinel-2/Landsat analysis."
Karur,2011,3,2011-03-15,0.336,-0.085,-0.014,Landsat-5 TM,10.6,SYNTHETIC_PLACEHOLDER,"Demo spectral indices for Karur, 2011-03. Replace with real Sentinel-2/Landsat analysis."
Karur,2011,4,2011-04-15,0.216,0.166,-0.216,Landsat-5 TM,12.0,SYNTHETIC_PLACEHOLDER,"Demo spectral indices for Karur, 2011-04. Replace with real Sentinel-2/Landsat analysis."
Karur,2011,5,2011-05-15,0.244,-0.262,-0.187,Sentinel-2A MSI,7.9,SYNTHETIC_PLACEHOLDER,"Demo spectral indices for Karur, 2011-05. Replace with real Sentinel-2/Landsat analysis."
Karur,2011,6,2011-06-15,0.651,0.228,0.073,Landsat-8 OLI,5.3,SYNTHETIC_PLACEHOLDER,"Demo spectral indices for Karur, 2011-06. Replace with real Sentinel-2/Landsat analysis."
Karur,2011,7,2011-07-15,0.555,0.272,0.19,Sentinel-2B MSI,8.9,SYNTHETIC_PLACEHOLDER,"Demo spectral indices for Karur, 2011-07. Replace with real Sentinel-2/Landsat analysis."
Karur,2011,8,2011-08-15,0.633,-0.033,-0.186,Landsat-8 OLI,10.4,SYNTHETIC_PLACEHOLDER,"Demo spectral indices for Karur, 2011-08. Replace with real Sentinel-2/Landsat analysis."
Karur,2011,9,2011-09-15,0.595,-0.103,-0.039,Landsat-7 ETM+,7.3,SYNTHETIC_PLACEHOLDER,"Demo spectral indices for Karur, 2011-09. Replace with real Sentinel-2/Landsat analysis."
Karur,2011,10,2011-10-15,0.653,0.451,-0.155,Landsat-7 ETM+,7.3,SYNTHETIC_PLACEHOLDER,"Demo spectral indices for Karur, 2011-10. Replace with real Sentinel-2/Landsat analysis."
Karur,2011,11,2011-11-15,0.36,0.116,-0.221,Landsat-8 OLI,14.3,SYNTHETIC_PLACEHOLDER,"Demo spectral indices for Karur, 2011-11. Replace with real Sentinel-2/Landsat analysis."
Karur,2011,12,2011-12-15,0.416,0.069,0.059,Sentinel-2A MSI,6.1,SYNTHETIC_PLACEHOLDER,"Demo spectral indices for Karur, 2011-12. Replace with real Sentinel-2/Landsat analysis."
Karur,2015,1,2015-01-15,0.469,-0.089,-0.158,Sentinel-2B MSI,0.5,SYNTHETIC_PLACEHOLDER,"Demo spectral indices for Karur, 2015-01. Replace with real Sentinel-2/Landsat analysis."
Karur,2015,2,2015-02-15,0.481,-0.208,0.046,Landsat-7 ETM+,11.7,SYNTHETIC_PLACEHOLDER,"Demo spectral indices for Karur, 2015-02. Replace with real Sentinel-2/Landsat analysis."
Karur,2015,3,2015-03-15,0.29,-0.053,0.031,Sentinel-2B MSI,1.7,SYNTHETIC_PLACEHOLDER,"Demo spectral indices for Karur, 2015-03. Replace with real Sentinel-2/Landsat analysis."
Karur,2015,4,2015-04-15,0.337,-0.143,0.202,Landsat-5 TM,11.4,SYNTHETIC_PLACEHOLDER,"Demo spectral indices for Karur, 2015-04. Replace with real Sentinel-2/Landsat analysis."
Karur,2015,5,2015-05-15,0.21,-0.102,0.155,Landsat-7 ETM+,4.5,SYNTHETIC_PLACEHOLDER,"Demo spectral indices for Karur, 2015-05. Replace with real Sentinel-2/Landsat analysis."
Karur,2015,6,2015-06-15,0.745,0.044,0.199,Sentinel-2A MSI,13.0,SYNTHETIC_PLACEHOLDER,"Demo spectral indices for Karur, 2015-06. Replace with real Sentinel-2/Landsat analysis."
Karur,2015,7,2015-07-15,0.516,-0.053,0.156,Landsat-8 OLI,12.9,SYNTHETIC_PLACEHOLDER,"Demo spectral indices for Karur, 2015-07. Replace with real Sentinel-2/Landsat analysis."
Karur,2015,8,2015-08-15,0.626,0.231,0.182,Landsat-7 ETM+,12.1,SYNTHETIC_PLACEHOLDER,"Demo spectral indices for Karur, 2015-08. Replace with real Sentinel-2/Landsat analysis."
Karur,2015,9,2015-09-15,0.624,0.218,-0.157,Landsat-8 OLI,4.3,SYNTHETIC_PLACEHOLDER,"Demo spectral indices for Karur, 2015-09. Replace with real Sentinel-2/Landsat analysis."
Karur,2015,10,2015-10-15,0.566,0.49,0.124,Landsat-5 TM,2.0,SYNTHETIC_PLACEHOLDER,"Demo spectral indices for Karur, 2015-10. Replace with real Sentinel-2/Landsat analysis."
Karur,2015,11,2015-11-15,0.491,-0.158,-0.097,Landsat-7 ETM+,10.5,SYNTHETIC_PLACEHOLDER,"Demo spectral indices for Karur, 2015-11. Replace with real Sentinel-2/Landsat analysis."
Karur,2015,12,2015-12-15,0.341,0.025,-0.114,Sentinel-2A MSI,7.3,SYNTHETIC_PLACEHOLDER,"Demo spectral indices for Karur, 2015-12. Replace with real Sentinel-2/Landsat analysis."
Krishnagiri,2005,1,2005-01-15,0.442,-0.11,-0.001,Landsat-5 TM,6.0,SYNTHETIC_PLACEHOLDER,"Demo spectral indices for Krishnagiri, 2005-01. Replace with real Sentinel-2/Landsat analysis."
Krishnagiri,2005,2,2005-02-15,0.519,0.214,0.0,Sentinel-2A MSI,4.9,SYNTHETIC_PLACEHOLDER,"Demo spectral indices for Krishnagiri, 2005-02. Replace with real Sentinel-2/Landsat analysis."
Krishnagiri,2005,3,2005-03-15,0.178,0.113,0.152,Sentinel-2A MSI,9.5,SYNTHETIC_PLACEHOLDER,"Demo spectral indices for Krishnagiri, 2005-03. Replace with real Sentinel-2/Landsat analysis."
Krishnagiri,2005,4,2005-04-15,0.324,0.157,-0.031,Sentinel-2A MSI,12.4,SYNTHETIC_PLACEHOLDER,"Demo spectral indices for Krishnagiri, 2005-04. Replace with real Sentinel-2/Landsat analysis."
Krishnagiri,2005,5,2005-05-15,0.231,-0.201,0.051,Landsat-7 ETM+,8.5,SYNTHETIC_PLACEHOLDER,"Demo spectral indices for Krishnagiri, 2005-05. Replace with real Sentinel-2/Landsat analysis."
Krishnagiri,2005,6,2005-06-15,0.58,0.278,-0.223,Landsat-5 TM,9.4,SYNTHETIC_PLACEHOLDER,"Demo spectral indices for Krishnagiri, 2005-06. Replace with real Sentinel-2/Landsat analysis."
Krishnagiri,2005,7,2005-07-15,0.653,0.451,-0.163,Sentinel-2A MSI,0.0,SYNTHETIC_PLACEHOLDER,"Demo spectral indices for Krishnagiri, 2005-07. Replace with real Sentinel-2/Landsat analysis."
Krishnagiri,2005,8,2005-08-15,0.708,0.282,-0.177,Landsat-8 OLI,2.4,SYNTHETIC_PLACEHOLDER,"Demo spectral indices for Krishnagiri, 2005-08. Replace with real Sentinel-2/Landsat analysis."
Krishnagiri,2005,9,2005-09-15,0.707,0.258,-0.112,Landsat-8 OLI,10.0,SYNTHETIC_PLACEHOLDER,"Demo spectral indices for Krishnagiri, 2005-09. Replace with real Sentinel-2/Landsat analysis."
Krishnagiri,2005,10,2005-10-15,0.6,0.238,0.149,Landsat-7 ETM+,6.4,SYNTHETIC_PLACEHOLDER,"Demo spectral indices for Krishnagiri, 2005-10. Replace with real Sentinel-2/Landsat analysis."
Krishnagiri,2005,11,2005-11-15,0.328,-0.051,-0.207,Sentinel-2B MSI,3.4,SYNTHETIC_PLACEHOLDER,"Demo spectral indices for Krishnagiri, 2005-11. Replace with real Sentinel-2/Landsat analysis."
Krishnagiri,2005,12,2005-12-15,0.437,0.287,0.199,Sentinel-2A MSI,10.4,SYNTHETIC_PLACEHOLDER,"Demo spectral indices for Krishnagiri, 2005-12. Replace with real Sentinel-2/Landsat analysis."
Krishnagiri,2011,1,2011-01-15,0.418,-0.337,0.193,Landsat-5 TM,4.7,SYNTHETIC_PLACEHOLDER,"Demo spectral indices for Krishnagiri, 2011-01. Replace with real Sentinel-2/Landsat analysis."
Krishnagiri,2011,2,2011-02-15,0.49,0.141,0.164,Landsat-7 ETM+,9.6,SYNTHETIC_PLACEHOLDER,"Demo spectral indices for Krishnagiri, 2011-02. Replace with real Sentinel-2/Landsat analysis."
Krishnagiri,2011,3,2011-03-15,0.242,-0.006,0.086,Landsat-7 ETM+,6.6,SYNTHETIC_PLACEHOLDER,"Demo spectral indices for Krishnagiri, 2011-03. Replace with real Sentinel-2/Landsat analysis."
Krishnagiri,2011,4,2011-04-15,0.307,-0.294,-0.024,Sentinel-2A MSI,12.9,SYNTHETIC_PLACEHOLDER,"Demo spectral indices for Krishnagiri, 2011-04. Replace with real Sentinel-2/Landsat analysis."
Krishnagiri,2011,5,2011-05-15,0.127,0.127,0.074,Sentinel-2A MSI,5.3,SYNTHETIC_PLACEHOLDER,"Demo spectral indices for Krishnagiri, 2011-05. Replace with real Sentinel-2/Landsat analysis."
Krishnagiri,2011,6,2011-06-15,0.608,-0.027,0.105,Landsat-7 ETM+,8.3,SYNTHETIC_PLACEHOLDER,"Demo spectral indices for Krishnagiri, 2011-06. Replace with real Sentinel-2/Landsat analysis."
Krishnagiri,2011,7,2011-07-15,0.641,0.345,0.13,Landsat-8 OLI,3.1,SYNTHETIC_PLACEHOLDER,"Demo spectral indices for Krishnagiri, 2011-07. Replace with real Sentinel-2/Landsat analysis."
Krishnagiri,2011,8,2011-08-15,0.601,0.074,0.105,Landsat-7 ETM+,7.4,SYNTHETIC_PLACEHOLDER,"Demo spectral indices for Krishnagiri, 2011-08. Replace with real Sentinel-2/Landsat analysis."
Krishnagiri,2011,9,2011-09-15,0.484,0.216,0.041,Landsat-5 TM,14.8,SYNTHETIC_PLACEHOLDER,"Demo spectral indices for Krishnagiri, 2011-09. Replace with real Sentinel-2/Landsat analysis."
Krishnagiri,2011,10,2011-10-15,0.693,0.403,0.063,Landsat-8 OLI,8.2,SYNTHETIC_PLACEHOLDER,"Demo spectral indices for Krishnagiri, 2011-10. Replace with real Sentinel-2/Landsat analysis."
Krishnagiri,2011,11,2011-11-15,0.382,0.491,-0.21,Sentinel-2B MSI,1.0,SYNTHETIC_PLACEHOLDER,"Demo spectral indices for Krishnagiri, 2011-11. Replace with real Sentinel-2/Landsat analysis."
Krishnagiri,2011,12,2011-12-15,0.356,-0.158,0.184,Sentinel-2B MSI,4.3,SYNTHETIC_PLACEHOLDER,"Demo spectral indices for Krishnagiri, 2011-12. Replace with real Sentinel-2/Landsat analysis."
Krishnagiri,2015,1,2015-01-15,0.519,-0.103,-0.029,Sentinel-2B MSI,8.1,SYNTHETIC_PLACEHOLDER,"Demo spectral indices for Krishnagiri, 2015-01. Replace with real Sentinel-2/Landsat analysis."
Krishnagiri,2015,2,2015-02-15,0.339,-0.345,0.257,Landsat-7 ETM+,8.0,SYNTHETIC_PLACEHOLDER,"Demo spectral indices for Krishnagiri, 2015-02. Replace with real Sentinel-2/Landsat analysis."
Krishnagiri,2015,3,2015-03-15,0.242,0.184,0.125,Landsat-5 TM,4.7,SYNTHETIC_PLACEHOLDER,"Demo spectral indices for Krishnagiri, 2015-03. Replace with real Sentinel-2/Landsat analysis."
Krishnagiri,2015,4,2015-04-15,0.283,-0.233,-0.116,Sentinel-2A MSI,1.7,SYNTHETIC_PLACEHOLDER,"Demo spectral indices for Krishnagiri, 2015-04. Replace with real Sentinel-2/Landsat analysis."
Krishnagiri,2015,5,2015-05-15,0.228,0.066,0.112,Landsat-7 ETM+,1.8,SYNTHETIC_PLACEHOLDER,"Demo spectral indices for Krishnagiri, 2015-05. Replace with real Sentinel-2/Landsat analysis."
Krishnagiri,2015,6,2015-06-15,0.683,-0.085,0.274,Sentinel-2B MSI,7.8,SYNTHETIC_PLACEHOLDER,"Demo spectral indices for Krishnagiri, 2015-06. Replace with real Sentinel-2/Landsat analysis."
Krishnagiri,2015,7,2015-07-15,0.673,0.06,0.162,Landsat-8 OLI,11.0,SYNTHETIC_PLACEHOLDER,"Demo spectral indices for Krishnagiri, 2015-07. Replace with real Sentinel-2/Landsat analysis."
Krishnagiri,2015,8,2015-08-15,0.525,0.035,-0.014,Sentinel-2B MSI,1.0,SYNTHETIC_PLACEHOLDER,"Demo spectral indices for Krishnagiri, 2015-08. Replace with real Sentinel-2/Landsat analysis."
Krishnagiri,2015,9,2015-09-15,0.671,-0.146,0.0,Landsat-8 OLI,0.8,SYNTHETIC_PLACEHOLDER,"Demo spectral indices for Krishnagiri, 2015-09. Replace with real Sentinel-2/Landsat analysis."
Krishnagiri,2015,10,2015-10-15,0.674,-0.09,0.175,Sentinel-2B MSI,10.1,SYNTHETIC_PLACEHOLDER,"Demo spectral indices for Krishnagiri, 2015-10. Replace with real Sentinel-2/Landsat analysis."
Krishnagiri,2015,11,2015-11-15,0.397,-0.198,0.222,Landsat-5 TM,3.7,SYNTHETIC_PLACEHOLDER,"Demo spectral indices for Krishnagiri, 2015-11. Replace with real Sentinel-2/Landsat analysis."
Krishnagiri,2015,12,2015-12-15,0.433,-0.095,0.262,Landsat-5 TM,8.3,SYNTHETIC_PLACEHOLDER,"Demo spectral indices for Krishnagiri, 2015-12. Replace with real Sentinel-2/Landsat analysis."
Madurai,2005,1,2005-01-15,0.557,-0.106,0.027,Sentinel-2A MSI,13.7,SYNTHETIC_PLACEHOLDER,"Demo spectral indices for Madurai, 2005-01. Replace with real Sentinel-2/Landsat analysis."
Madurai,2005,2,2005-02-15,0.447,0.0,-0.084,Landsat-5 TM,2.7,SYNTHETIC_PLACEHOLDER,"Demo spectral indices for Madurai, 2005-02. Replace with real Sentinel-2/Landsat analysis."
Madurai,2005,3,2005-03-15,0.359,0.268,-0.112,Sentinel-2A MSI,13.0,SYNTHETIC_PLACEHOLDER,"Demo spectral indices for Madurai, 2005-03. Replace with real Sentinel-2/Landsat analysis."
Madurai,2005,4,2005-04-15,0.286,-0.34,0.101,Landsat-8 OLI,3.0,SYNTHETIC_PLACEHOLDER,"Demo spectral indices for Madurai, 2005-04. Replace with real Sentinel-2/Landsat analysis."
Madurai,2005,5,2005-05-15,0.243,0.036,0.105,Sentinel-2B MSI,14.6,SYNTHETIC_PLACEHOLDER,"Demo spectral indices for Madurai, 2005-05. Replace with real Sentinel-2/Landsat analysis."
Madurai,2005,6,2005-06-15,0.777,0.313,0.151,Landsat-7 ETM+,2.3,SYNTHETIC_PLACEHOLDER,"Demo spectral indices for Madurai, 2005-06. Replace with real Sentinel-2/Landsat analysis."
Madurai,2005,7,2005-07-15,0.682,0.179,0.2,Landsat-5 TM,14.3,SYNTHETIC_PLACEHOLDER,"Demo spectral indices for Madurai, 2005-07. Replace with real Sentinel-2/Landsat analysis."
Madurai,2005,8,2005-08-15,0.466,0.394,0.25,Landsat-5 TM,3.1,SYNTHETIC_PLACEHOLDER,"Demo spectral indices for Madurai, 2005-08. Replace with real Sentinel-2/Landsat analysis."
Madurai,2005,9,2005-09-15,0.737,0.473,0.385,Landsat-7 ETM+,10.7,SYNTHETIC_PLACEHOLDER,"Demo spectral indices for Madurai, 2005-09. Replace with real Sentinel-2/Landsat analysis."
Madurai,2005,10,2005-10-15,0.52,0.428,0.136,Landsat-8 OLI,6.9,SYNTHETIC_PLACEHOLDER,"Demo spectral indices for Madurai, 2005-10. Replace with real Sentinel-2/Landsat analysis."
Madurai,2005,11,2005-11-15,0.508,0.154,0.2,Sentinel-2A MSI,1.1,SYNTHETIC_PLACEHOLDER,"Demo spectral indices for Madurai, 2005-11. Replace with real Sentinel-2/Landsat analysis."
Madurai,2005,12,2005-12-15,0.457,0.475,-0.02,Landsat-8 OLI,12.8,SYNTHETIC_PLACEHOLDER,"Demo spectral indices for Madurai, 2005-12. Replace with real Sentinel-2/Landsat analysis."
Madurai,2011,1,2011-01-15,0.525,0.182,0.029,Sentinel-2A MSI,4.1,SYNTHETIC_PLACEHOLDER,"Demo spectral indices for Madurai, 2011-01. Replace with real Sentinel-2/Landsat analysis."
Madurai,2011,2,2011-02-15,0.335,0.146,0.172,Landsat-7 ETM+,1.6,SYNTHETIC_PLACEHOLDER,"Demo spectral indices for Madurai, 2011-02. Replace with real Sentinel-2/Landsat analysis."
Madurai,2011,3,2011-03-15,0.221,-0.315,0.047,Landsat-7 ETM+,6.8,SYNTHETIC_PLACEHOLDER,"Demo spectral indices for Madurai, 2011-03. Replace with real Sentinel-2/Landsat analysis."
Madurai,2011,4,2011-04-15,0.278,-0.337,0.294,Landsat-8 OLI,12.4,SYNTHETIC_PLACEHOLDER,"Demo spectral indices for Madurai, 2011-04. Replace with real Sentinel-2/Landsat analysis."
Madurai,2011,5,2011-05-15,0.243,0.185,0.03,Landsat-5 TM,10.7,SYNTHETIC_PLACEHOLDER,"Demo spectral indices for Madurai, 2011-05. Replace with real Sentinel-2/Landsat analysis."
Madurai,2011,6,2011-06-15,0.73,-0.166,0.014,Landsat-7 ETM+,0.5,SYNTHETIC_PLACEHOLDER,"Demo spectral indices for Madurai, 2011-06. Replace with real Sentinel-2/Landsat analysis."
Madurai,2011,7,2011-07-15,0.567,0.324,-0.013,Sentinel-2A MSI,1.5,SYNTHETIC_PLACEHOLDER,"Demo spectral indices for Madurai, 2011-07. Replace with real Sentinel-2/Landsat analysis."
Madurai,2011,8,2011-08-15,0.65,-0.157,0.28,Landsat-7 ETM+,2.0,SYNTHETIC_PLACEHOLDER,"Demo spectral indices for Madurai, 2011-08. Replace with real Sentinel-2/Landsat analysis."
Madurai,2011,9,2011-09-15,0.684,0.241,0.205,Sentinel-2B MSI,8.8,SYNTHETIC_PLACEHOLDER,"Demo spectral indices for Madurai, 2011-09. Replace with real Sentinel-2/Landsat analysis."
Madurai,2011,10,2011-10-15,0.683,0.498,-0.041,Sentinel-2A MSI,12.1,SYNTHETIC_PLACEHOLDER,"Demo spectral indices for Madurai, 2011-10. Replace with real Sentinel-2/Landsat analysis."
Madurai,2011,11,2011-11-15,0.403,0.366,-0.083,Sentinel-2A MSI,0.8,SYNTHETIC_PLACEHOLDER,"Demo spectral indices for Madurai, 2011-11. Replace with real Sentinel-2/Landsat analysis."
Madurai,2011,12,2011-12-15,0.528,0.307,0.123,Sentinel-2A MSI,10.2,SYNTHETIC_PLACEHOLDER,"Demo spectral indices for Madurai, 2011-12. Replace with real Sentinel-2/Landsat analysis."
Madurai,2015,1,2015-01-15,0.356,-0.269,0.004,Landsat-7 ETM+,0.5,SYNTHETIC_PLACEHOLDER,"Demo spectral indices for Madurai, 2015-01. Replace with real Sentinel-2/Landsat analysis."
Madurai,2015,2,2015-02-15,0.448,-0.193,0.077,Sentinel-2B MSI,7.2,SYNTHETIC_PLACEHOLDER,"Demo spectral indices for Madurai, 2015-02. Replace with real Sentinel-2/Landsat analysis."
Madurai,2015,3,2015-03-15,0.156,-0.107,0.203,Sentinel-2B MSI,3.7,SYNTHETIC_PLACEHOLDER,"Demo spectral indices for Madurai, 2015-03. Replace with real Sentinel-2/Landsat analysis."
Madurai,2015,4,2015-04-15,0.353,-0.386,0.06,Landsat-8 OLI,7.2,SYNTHETIC_PLACEHOLDER,"Demo spectral indices for Madurai, 2015-04. Replace with real Sentinel-2/Landsat analysis."
Madurai,2015,5,2015-05-15,0.291,-0.004,0.027,Landsat-8 OLI,2.7,SYNTHETIC_PLACEHOLDER,"Demo spectral indices for Madurai, 2015-05. Replace with real Sentinel-2/Landsat analysis."
Madurai,2015,6,2015-06-15,0.518,0.427,0.278,Landsat-5 TM,12.1,SYNTHETIC_PLACEHOLDER,"Demo spectral indices for Madurai, 2015-06. Replace with real Sentinel-2/Landsat analysis."
Madurai,2015,7,2015-07-15,0.577,0.209,-0.022,Landsat-7 ETM+,1.5,SYNTHETIC_PLACEHOLDER,"Demo spectral indices for Madurai, 2015-07. Replace with real Sentinel-2/Landsat analysis."
Madurai,2015,8,2015-08-15,0.624,0.371,0.354,Landsat-5 TM,11.5,SYNTHETIC_PLACEHOLDER,"Demo spectral indices for Madurai, 2015-08. Replace with real Sentinel-2/Landsat analysis."
Madurai,2015,9,2015-09-15,0.742,0.488,0.064,Landsat-7 ETM+,2.6,SYNTHETIC_PLACEHOLDER,"Demo spectral indices for Madurai, 2015-09. Replace with real Sentinel-2/Landsat analysis."
Madurai,2015,10,2015-10-15,0.658,0.288,0.353,Landsat-5 TM,10.6,SYNTHETIC_PLACEHOLDER,"Demo spectral indices for Madurai, 2015-10. Replace with real Sentinel-2/Landsat analysis."
Madurai,2015,11,2015-11-15,0.427,-0.101,0.372,Sentinel-2A MSI,8.1,SYNTHETIC_PLACEHOLDER,"Demo spectral indices for Madurai, 2015-11. Replace with real Sentinel-2/Landsat analysis."
Madurai,2015,12,2015-12-15,0.339,-0.161,0.181,Landsat-5 TM,7.9,SYNTHETIC_PLACEHOLDER,"Demo spectral indices for Madurai, 2015-12. Replace with real Sentinel-2/Landsat analysis."
Mayiladuthurai,2005,1,2005-01-15,0.392,-0.259,-0.178,Landsat-7 ETM+,13.8,SYNTHETIC_PLACEHOLDER,"Demo spectral indices for Mayiladuthurai, 2005-01. Replace with real Sentinel-2/Landsat analysis."
Mayiladuthurai,2005,2,2005-02-15,0.501,-0.385,0.073,Landsat-7 ETM+,11.6,SYNTHETIC_PLACEHOLDER,"Demo spectral indices for Mayiladuthurai, 2005-02. Replace with real Sentinel-2/Landsat analysis."
Mayiladuthurai,2005,3,2005-03-15,0.355,0.272,-0.045,Sentinel-2A MSI,8.8,SYNTHETIC_PLACEHOLDER,"Demo spectral indices for Mayiladuthurai, 2005-03. Replace with real Sentinel-2/Landsat analysis."
Mayiladuthurai,2005,4,2005-04-15,0.2,0.283,0.153,Sentinel-2A MSI,11.9,SYNTHETIC_PLACEHOLDER,"Demo spectral indices for Mayiladuthurai, 2005-04. Replace with real Sentinel-2/Landsat analysis."
Mayiladuthurai,2005,5,2005-05-15,0.357,-0.278,0.283,Sentinel-2B MSI,11.8,SYNTHETIC_PLACEHOLDER,"Demo spectral indices for Mayiladuthurai, 2005-05. Replace with real Sentinel-2/Landsat analysis."
Mayiladuthurai,2005,6,2005-06-15,0.526,-0.077,-0.081,Landsat-8 OLI,1.9,SYNTHETIC_PLACEHOLDER,"Demo spectral indices for Mayiladuthurai, 2005-06. Replace with real Sentinel-2/Landsat analysis."
Mayiladuthurai,2005,7,2005-07-15,0.714,0.464,-0.035,Sentinel-2B MSI,0.5,SYNTHETIC_PLACEHOLDER,"Demo spectral indices for Mayiladuthurai, 2005-07. Replace with real Sentinel-2/Landsat analysis."
Mayiladuthurai,2005,8,2005-08-15,0.673,0.477,-0.129,Sentinel-2B MSI,1.6,SYNTHETIC_PLACEHOLDER,"Demo spectral indices for Mayiladuthurai, 2005-08. Replace with real Sentinel-2/Landsat analysis."
Mayiladuthurai,2005,9,2005-09-15,0.582,-0.146,-0.059,Landsat-8 OLI,2.5,SYNTHETIC_PLACEHOLDER,"Demo spectral indices for Mayiladuthurai, 2005-09. Replace with real Sentinel-2/Landsat analysis."
Mayiladuthurai,2005,10,2005-10-15,0.674,0.296,0.102,Landsat-8 OLI,6.7,SYNTHETIC_PLACEHOLDER,"Demo spectral indices for Mayiladuthurai, 2005-10. Replace with real Sentinel-2/Landsat analysis."
Mayiladuthurai,2005,11,2005-11-15,0.378,-0.153,-0.109,Landsat-5 TM,10.8,SYNTHETIC_PLACEHOLDER,"Demo spectral indices for Mayiladuthurai, 2005-11. Replace with real Sentinel-2/Landsat analysis."
Mayiladuthurai,2005,12,2005-12-15,0.353,0.094,-0.159,Sentinel-2A MSI,7.4,SYNTHETIC_PLACEHOLDER,"Demo spectral indices for Mayiladuthurai, 2005-12. Replace with real Sentinel-2/Landsat analysis."
Mayiladuthurai,2011,1,2011-01-15,0.43,-0.329,0.014,Sentinel-2B MSI,9.8,SYNTHETIC_PLACEHOLDER,"Demo spectral indices for Mayiladuthurai, 2011-01. Replace with real Sentinel-2/Landsat analysis."
Mayiladuthurai,2011,2,2011-02-15,0.454,-0.348,0.215,Landsat-8 OLI,0.3,SYNTHETIC_PLACEHOLDER,"Demo spectral indices for Mayiladuthurai, 2011-02. Replace with real Sentinel-2/Landsat analysis."
Mayiladuthurai,2011,3,2011-03-15,0.163,-0.161,0.238,Landsat-7 ETM+,11.0,SYNTHETIC_PLACEHOLDER,"Demo spectral indices for Mayiladuthurai, 2011-03. Replace with real Sentinel-2/Landsat analysis."
Mayiladuthurai,2011,4,2011-04-15,0.299,-0.335,0.077,Sentinel-2B MSI,13.4,SYNTHETIC_PLACEHOLDER,"Demo spectral indices for Mayiladuthurai, 2011-04. Replace with real Sentinel-2/Landsat analysis."
Mayiladuthurai,2011,5,2011-05-15,0.284,0.058,0.084,Sentinel-2A MSI,2.4,SYNTHETIC_PLACEHOLDER,"Demo spectral indices for Mayiladuthurai, 2011-05. Replace with real Sentinel-2/Landsat analysis."
Mayiladuthurai,2011,6,2011-06-15,0.451,-0.067,0.133,Sentinel-2B MSI,4.0,SYNTHETIC_PLACEHOLDER,"Demo spectral indices for Mayiladuthurai, 2011-06. Replace with real Sentinel-2/Landsat analysis."
Mayiladuthurai,2011,7,2011-07-15,0.508,-0.165,0.064,Sentinel-2A MSI,2.3,SYNTHETIC_PLACEHOLDER,"Demo spectral indices for Mayiladuthurai, 2011-07. Replace with real Sentinel-2/Landsat analysis."
Mayiladuthurai,2011,8,2011-08-15,0.551,0.006,0.114,Sentinel-2B MSI,7.2,SYNTHETIC_PLACEHOLDER,"Demo spectral indices for Mayiladuthurai, 2011-08. Replace with real Sentinel-2/Landsat analysis."
Mayiladuthurai,2011,9,2011-09-15,0.45,0.247,0.287,Sentinel-2A MSI,12.7,SYNTHETIC_PLACEHOLDER,"Demo spectral indices for Mayiladuthurai, 2011-09. Replace with real Sentinel-2/Landsat analysis."
Mayiladuthurai,2011,10,2011-10-15,0.532,0.142,0.114,Landsat-5 TM,9.6,SYNTHETIC_PLACEHOLDER,"Demo spectral indices for Mayiladuthurai, 2011-10. Replace with real Sentinel-2/Landsat analysis."
Mayiladuthurai,2011,11,2011-11-15,0.415,0.067,-0.147,Landsat-5 TM,3.9,SYNTHETIC_PLACEHOLDER,"Demo spectral indices for Mayiladuthurai, 2011-11. Replace with real Sentinel-2/Landsat analysis."
Mayiladuthurai,2011,12,2011-12-15,0.416,-0.012,-0.216,Landsat-5 TM,1.3,SYNTHETIC_PLACEHOLDER,"Demo spectral indices for Mayiladuthurai, 2011-12. Replace with real Sentinel-2/Landsat analysis."
Mayiladuthurai,2015,1,2015-01-15,0.423,0.279,0.074,Sentinel-2B MSI,0.9,SYNTHETIC_PLACEHOLDER,"Demo spectral indices for Mayiladuthurai, 2015-01. Replace with real Sentinel-2/Landsat analysis."
Mayiladuthurai,2015,2,2015-02-15,0.43,0.276,0.128,Sentinel-2A MSI,8.6,SYNTHETIC_PLACEHOLDER,"Demo spectral indices for Mayiladuthurai, 2015-02. Replace with real Sentinel-2/Landsat analysis."
Mayiladuthurai,2015,3,2015-03-15,0.177,-0.124,0.22,Landsat-5 TM,7.5,SYNTHETIC_PLACEHOLDER,"Demo spectral indices for Mayiladuthurai, 2015-03. Replace with real Sentinel-2/Landsat analysis."
Mayiladuthurai,2015,4,2015-04-15,0.36,0.074,0.091,Landsat-5 TM,14.2,SYNTHETIC_PLACEHOLDER,"Demo spectral indices for Mayiladuthurai, 2015-04. Replace with real Sentinel-2/Landsat analysis."
Mayiladuthurai,2015,5,2015-05-15,0.285,-0.283,-0.133,Landsat-7 ETM+,1.9,SYNTHETIC_PLACEHOLDER,"Demo spectral indices for Mayiladuthurai, 2015-05. Replace with real Sentinel-2/Landsat analysis."
Mayiladuthurai,2015,6,2015-06-15,0.626,0.105,0.298,Landsat-7 ETM+,12.5,SYNTHETIC_PLACEHOLDER,"Demo spectral indices for Mayiladuthurai, 2015-06. Replace with real Sentinel-2/Landsat analysis."
Mayiladuthurai,2015,7,2015-07-15,0.568,0.44,-0.213,Sentinel-2A MSI,8.3,SYNTHETIC_PLACEHOLDER,"Demo spectral indices for Mayiladuthurai, 2015-07. Replace with real Sentinel-2/Landsat analysis."
Mayiladuthurai,2015,8,2015-08-15,0.651,0.164,0.254,Landsat-5 TM,11.8,SYNTHETIC_PLACEHOLDER,"Demo spectral indices for Mayiladuthurai, 2015-08. Replace with real Sentinel-2/Landsat analysis."
Mayiladuthurai,2015,9,2015-09-15,0.639,0.094,-0.022,Landsat-7 ETM+,8.5,SYNTHETIC_PLACEHOLDER,"Demo spectral indices for Mayiladuthurai, 2015-09. Replace with real Sentinel-2/Landsat analysis."
Mayiladuthurai,2015,10,2015-10-15,0.671,-0.13,-0.192,Landsat-5 TM,11.8,SYNTHETIC_PLACEHOLDER,"Demo spectral indices for Mayiladuthurai, 2015-10. Replace with real Sentinel-2/Landsat analysis."
Mayiladuthurai,2015,11,2015-11-15,0.562,0.415,-0.105,Sentinel-2A MSI,8.6,SYNTHETIC_PLACEHOLDER,"Demo spectral indices for Mayiladuthurai, 2015-11. Replace with real Sentinel-2/Landsat analysis."
Mayiladuthurai,2015,12,2015-12-15,0.412,0.082,0.09,Sentinel-2A MSI,0.6,SYNTHETIC_PLACEHOLDER,"Demo spectral indices for Mayiladuthurai, 2015-12. Replace with real Sentinel-2/Landsat analysis."
Nagapattinam,2005,1,2005-01-15,0.511,-0.234,0.16,Landsat-8 OLI,13.5,SYNTHETIC_PLACEHOLDER,"Demo spectral indices for Nagapattinam, 2005-01. Replace with real Sentinel-2/Landsat analysis."
Nagapattinam,2005,2,2005-02-15,0.386,-0.188,-0.096,Sentinel-2A MSI,12.9,SYNTHETIC_PLACEHOLDER,"Demo spectral indices for Nagapattinam, 2005-02. Replace with real Sentinel-2/Landsat analysis."
Nagapattinam,2005,3,2005-03-15,0.334,-0.24,-0.085,Sentinel-2A MSI,11.6,SYNTHETIC_PLACEHOLDER,"Demo spectral indices for Nagapattinam, 2005-03. Replace with real Sentinel-2/Landsat analysis."
Nagapattinam,2005,4,2005-04-15,0.237,0.023,-0.201,Sentinel-2A MSI,3.2,SYNTHETIC_PLACEHOLDER,"Demo spectral indices for Nagapattinam, 2005-04. Replace with real Sentinel-2/Landsat analysis."
Nagapattinam,2005,5,2005-05-15,0.339,0.132,0.227,Landsat-5 TM,7.7,SYNTHETIC_PLACEHOLDER,"Demo spectral indices for Nagapattinam, 2005-05. Replace with real Sentinel-2/Landsat analysis."
Nagapattinam,2005,6,2005-06-15,0.479,0.155,-0.175,Sentinel-2B MSI,13.2,SYNTHETIC_PLACEHOLDER,"Demo spectral indices for Nagapattinam, 2005-06. Replace with real Sentinel-2/Landsat analysis."
Nagapattinam,2005,7,2005-07-15,0.428,0.383,0.21,Landsat-7 ETM+,0.5,SYNTHETIC_PLACEHOLDER,"Demo spectral indices for Nagapattinam, 2005-07. Replace with real Sentinel-2/Landsat analysis."
Nagapattinam,2005,8,2005-08-15,0.451,-0.061,-0.047,Sentinel-2A MSI,7.6,SYNTHETIC_PLACEHOLDER,"Demo spectral indices for Nagapattinam, 2005-08. Replace with real Sentinel-2/Landsat analysis."
Nagapattinam,2005,9,2005-09-15,0.603,-0.179,-0.045,Sentinel-2B MSI,6.7,SYNTHETIC_PLACEHOLDER,"Demo spectral indices for Nagapattinam, 2005-09. Replace with real Sentinel-2/Landsat analysis."
Nagapattinam,2005,10,2005-10-15,0.736,0.186,-0.061,Landsat-8 OLI,11.2,SYNTHETIC_PLACEHOLDER,"Demo spectral indices for Nagapattinam, 2005-10. Replace with real Sentinel-2/Landsat analysis."
Nagapattinam,2005,11,2005-11-15,0.466,0.071,-0.16,Sentinel-2B MSI,11.7,SYNTHETIC_PLACEHOLDER,"Demo spectral indices for Nagapattinam, 2005-11. Replace with real Sentinel-2/Landsat analysis."
Nagapattinam,2005,12,2005-12-15,0.365,-0.042,-0.136,Sentinel-2A MSI,7.7,SYNTHETIC_PLACEHOLDER,"Demo spectral indices for Nagapattinam, 2005-12. Replace with real Sentinel-2/Landsat analysis."
Nagapattinam,2011,1,2011-01-15,0.57,0.078,0.011,Landsat-7 ETM+,9.7,SYNTHETIC_PLACEHOLDER,"Demo spectral indices for Nagapattinam, 2011-01. Replace with real Sentinel-2/Landsat analysis."
Nagapattinam,2011,2,2011-02-15,0.421,-0.223,0.193,Landsat-8 OLI,10.7,SYNTHETIC_PLACEHOLDER,"Demo spectral indices for Nagapattinam, 2011-02. Replace with real Sentinel-2/Landsat analysis."
Nagapattinam,2011,3,2011-03-15,0.269,0.227,0.218,Sentinel-2A MSI,3.8,SYNTHETIC_PLACEHOLDER,"Demo spectral indices for Nagapattinam, 2011-03. Replace with real Sentinel-2/Landsat analysis."
Nagapattinam,2011,4,2011-04-15,0.261,0.177,-0.032,Landsat-5 TM,0.1,SYNTHETIC_PLACEHOLDER,"Demo spectral indices for Nagapattinam, 2011-04. Replace with real Sentinel-2/Landsat analysis."
Nagapattinam,2011,5,2011-05-15,0.397,0.188,0.059,Sentinel-2B MSI,9.1,SYNTHETIC_PLACEHOLDER,"Demo spectral indices for Nagapattinam, 2011-05. Replace with real Sentinel-2/Landsat analysis."
Nagapattinam,2011,6,2011-06-15,0.5,-0.155,0.294,Landsat-8 OLI,12.9,SYNTHETIC_PLACEHOLDER,"Demo spectral indices for Nagapattinam, 2011-06. Replace with real Sentinel-2/Landsat analysis."
Nagapattinam,2011,7,2011-07-15,0.549,0.425,-0.086,Landsat-7 ETM+,7.8,SYNTHETIC_PLACEHOLDER,"Demo spectral indices for Nagapattinam, 2011-07. Replace with real Sentinel-2/Landsat analysis."
Nagapattinam,2011,8,2011-08-15,0.478,0.4,0.196,Sentinel-2A MSI,9.9,SYNTHETIC_PLACEHOLDER,"Demo spectral indices for Nagapattinam, 2011-08. Replace with real Sentinel-2/Landsat analysis."
Nagapattinam,2011,9,2011-09-15,0.676,0.259,0.299,Landsat-8 OLI,13.6,SYNTHETIC_PLACEHOLDER,"Demo spectral indices for Nagapattinam, 2011-09. Replace with real Sentinel-2/Landsat analysis."
Nagapattinam,2011,10,2011-10-15,0.595,0.208,0.297,Landsat-7 ETM+,5.1,SYNTHETIC_PLACEHOLDER,"Demo spectral indices for Nagapattinam, 2011-10. Replace with real Sentinel-2/Landsat analysis."
Nagapattinam,2011,11,2011-11-15,0.511,0.247,0.012,Landsat-8 OLI,7.6,SYNTHETIC_PLACEHOLDER,"Demo spectral indices for Nagapattinam, 2011-11. Replace with real Sentinel-2/Landsat analysis."
Nagapattinam,2011,12,2011-12-15,0.553,0.414,-0.15,Landsat-5 TM,7.1,SYNTHETIC_PLACEHOLDER,"Demo spectral indices for Nagapattinam, 2011-12. Replace with real Sentinel-2/Landsat analysis."
Nagapattinam,2015,1,2015-01-15,0.521,-0.009,0.252,Landsat-8 OLI,9.8,SYNTHETIC_PLACEHOLDER,"Demo spectral indices for Nagapattinam, 2015-01. Replace with real Sentinel-2/Landsat analysis."
Nagapattinam,2015,2,2015-02-15,0.367,0.21,-0.019,Landsat-8 OLI,5.6,SYNTHETIC_PLACEHOLDER,"Demo spectral indices for Nagapattinam, 2015-02. Replace with real Sentinel-2/Landsat analysis."
Nagapattinam,2015,3,2015-03-15,0.263,-0.318,-0.22,Sentinel-2B MSI,8.7,SYNTHETIC_PLACEHOLDER,"Demo spectral indices for Nagapattinam, 2015-03. Replace with real Sentinel-2/Landsat analysis."
Nagapattinam,2015,4,2015-04-15,0.271,-0.264,-0.184,Sentinel-2A MSI,7.9,SYNTHETIC_PLACEHOLDER,"Demo spectral indices for Nagapattinam, 2015-04. Replace with real Sentinel-2/Landsat analysis."
Nagapattinam,2015,5,2015-05-15,0.27,-0.294,0.296,Landsat-8 OLI,6.1,SYNTHETIC_PLACEHOLDER,"Demo spectral indices for Nagapattinam, 2015-05. Replace with real Sentinel-2/Landsat analysis."
Nagapattinam,2015,6,2015-06-15,0.661,0.12,-0.076,Landsat-7 ETM+,11.7,SYNTHETIC_PLACEHOLDER,"Demo spectral indices for Nagapattinam, 2015-06. Replace with real Sentinel-2/Landsat analysis."
Nagapattinam,2015,7,2015-07-15,0.609,-0.076,0.099,Landsat-5 TM,6.8,SYNTHETIC_PLACEHOLDER,"Demo spectral indices for Nagapattinam, 2015-07. Replace with real Sentinel-2/Landsat analysis."
Nagapattinam,2015,8,2015-08-15,0.54,0.203,-0.163,Landsat-5 TM,1.9,SYNTHETIC_PLACEHOLDER,"Demo spectral indices for Nagapattinam, 2015-08. Replace with real Sentinel-2/Landsat analysis."
Nagapattinam,2015,9,2015-09-15,0.573,0.1,0.013,Landsat-5 TM,0.6,SYNTHETIC_PLACEHOLDER,"Demo spectral indices for Nagapattinam, 2015-09. Replace with real Sentinel-2/Landsat analysis."
Nagapattinam,2015,10,2015-10-15,0.497,-0.19,-0.073,Sentinel-2B MSI,2.9,SYNTHETIC_PLACEHOLDER,"Demo spectral indices for Nagapattinam, 2015-10. Replace with real Sentinel-2/Landsat analysis."
Nagapattinam,2015,11,2015-11-15,0.498,-0.026,0.131,Landsat-8 OLI,4.7,SYNTHETIC_PLACEHOLDER,"Demo spectral indices for Nagapattinam, 2015-11. Replace with real Sentinel-2/Landsat analysis."
Nagapattinam,2015,12,2015-12-15,0.371,0.014,-0.214,Landsat-5 TM,4.5,SYNTHETIC_PLACEHOLDER,"Demo spectral indices for Nagapattinam, 2015-12. Replace with real Sentinel-2/Landsat analysis."
Namakkal,2005,1,2005-01-15,0.431,0.017,-0.064,Landsat-7 ETM+,5.1,SYNTHETIC_PLACEHOLDER,"Demo spectral indices for Namakkal, 2005-01. Replace with real Sentinel-2/Landsat analysis."
Namakkal,2005,2,2005-02-15,0.516,-0.268,0.271,Sentinel-2A MSI,0.3,SYNTHETIC_PLACEHOLDER,"Demo spectral indices for Namakkal, 2005-02. Replace with real Sentinel-2/Landsat analysis."
Namakkal,2005,3,2005-03-15,0.243,-0.252,-0.238,Sentinel-2B MSI,2.5,SYNTHETIC_PLACEHOLDER,"Demo spectral indices for Namakkal, 2005-03. Replace with real Sentinel-2/Landsat analysis."
Namakkal,2005,4,2005-04-15,0.238,-0.374,0.232,Landsat-8 OLI,11.6,SYNTHETIC_PLACEHOLDER,"Demo spectral indices for Namakkal, 2005-04. Replace with real Sentinel-2/Landsat analysis."
Namakkal,2005,5,2005-05-15,0.284,-0.366,-0.191,Landsat-5 TM,0.7,SYNTHETIC_PLACEHOLDER,"Demo spectral indices for Namakkal, 2005-05. Replace with real Sentinel-2/Landsat analysis."
Namakkal,2005,6,2005-06-15,0.479,-0.113,-0.111,Landsat-7 ETM+,3.1,SYNTHETIC_PLACEHOLDER,"Demo spectral indices for Namakkal, 2005-06. Replace with real Sentinel-2/Landsat analysis."
Namakkal,2005,7,2005-07-15,0.607,0.095,-0.194,Sentinel-2B MSI,4.0,SYNTHETIC_PLACEHOLDER,"Demo spectral indices for Namakkal, 2005-07. Replace with real Sentinel-2/Landsat analysis."
Namakkal,2005,8,2005-08-15,0.595,0.381,-0.192,Sentinel-2B MSI,1.8,SYNTHETIC_PLACEHOLDER,"Demo spectral indices for Namakkal, 2005-08. Replace with real Sentinel-2/Landsat analysis."
Namakkal,2005,9,2005-09-15,0.445,-0.061,-0.14,Landsat-8 OLI,12.5,SYNTHETIC_PLACEHOLDER,"Demo spectral indices for Namakkal, 2005-09. Replace with real Sentinel-2/Landsat analysis."
Namakkal,2005,10,2005-10-15,0.728,0.087,-0.162,Sentinel-2B MSI,7.4,SYNTHETIC_PLACEHOLDER,"Demo spectral indices for Namakkal, 2005-10. Replace with real Sentinel-2/Landsat analysis."
Namakkal,2005,11,2005-11-15,0.435,0.031,-0.248,Landsat-5 TM,13.6,SYNTHETIC_PLACEHOLDER,"Demo spectral indices for Namakkal, 2005-11. Replace with real Sentinel-2/Landsat analysis."
Namakkal,2005,12,2005-12-15,0.534,-0.096,-0.2,Sentinel-2B MSI,1.1,SYNTHETIC_PLACEHOLDER,"Demo spectral indices for Namakkal, 2005-12. Replace with real Sentinel-2/Landsat analysis."
Namakkal,2011,1,2011-01-15,0.535,0.051,0.001,Landsat-8 OLI,4.0,SYNTHETIC_PLACEHOLDER,"Demo spectral indices for Namakkal, 2011-01. Replace with real Sentinel-2/Landsat analysis."
Namakkal,2011,2,2011-02-15,0.391,0.212,0.219,Landsat-8 OLI,12.0,SYNTHETIC_PLACEHOLDER,"Demo spectral indices for Namakkal, 2011-02. Replace with real Sentinel-2/Landsat analysis."
Namakkal,2011,3,2011-03-15,0.236,-0.334,0.167,Landsat-5 TM,0.1,SYNTHETIC_PLACEHOLDER,"Demo spectral indices for Namakkal, 2011-03. Replace with real Sentinel-2/Landsat analysis."
Namakkal,2011,4,2011-04-15,0.192,-0.17,0.242,Sentinel-2B MSI,4.0,SYNTHETIC_PLACEHOLDER,"Demo spectral indices for Namakkal, 2011-04. Replace with real Sentinel-2/Landsat analysis."
Namakkal,2011,5,2011-05-15,0.284,-0.16,-0.187,Sentinel-2A MSI,14.4,SYNTHETIC_PLACEHOLDER,"Demo spectral indices for Namakkal, 2011-05. Replace with real Sentinel-2/Landsat analysis."
Namakkal,2011,6,2011-06-15,0.52,0.395,0.19,Landsat-7 ETM+,1.7,SYNTHETIC_PLACEHOLDER,"Demo spectral indices for Namakkal, 2011-06. Replace with real Sentinel-2/Landsat analysis."
Namakkal,2011,7,2011-07-15,0.615,0.46,-0.162,Sentinel-2A MSI,13.7,SYNTHETIC_PLACEHOLDER,"Demo spectral indices for Namakkal, 2011-07. Replace with real Sentinel-2/Landsat analysis."
Namakkal,2011,8,2011-08-15,0.602,0.107,0.086,Landsat-8 OLI,9.2,SYNTHETIC_PLACEHOLDER,"Demo spectral indices for Namakkal, 2011-08. Replace with real Sentinel-2/Landsat analysis."
Namakkal,2011,9,2011-09-15,0.747,0.309,0.24,Sentinel-2A MSI,13.8,SYNTHETIC_PLACEHOLDER,"Demo spectral indices for Namakkal, 2011-09. Replace with real Sentinel-2/Landsat analysis."
Namakkal,2011,10,2011-10-15,0.475,-0.168,-0.106,Landsat-8 OLI,0.2,SYNTHETIC_PLACEHOLDER,"Demo spectral indices for Namakkal, 2011-10. Replace with real Sentinel-2/Landsat analysis."
Namakkal,2011,11,2011-11-15,0.526,0.321,0.148,Landsat-7 ETM+,14.7,SYNTHETIC_PLACEHOLDER,"Demo spectral indices for Namakkal, 2011-11. Replace with real Sentinel-2/Landsat analysis."
Namakkal,2011,12,2011-12-15,0.468,0.166,0.135,Landsat-5 TM,6.5,SYNTHETIC_PLACEHOLDER,"Demo spectral indices for Namakkal, 2011-12. Replace with real Sentinel-2/Landsat analysis."
Namakkal,2015,1,2015-01-15,0.494,0.065,0.103,Landsat-7 ETM+,12.6,SYNTHETIC_PLACEHOLDER,"Demo spectral indices for Namakkal, 2015-01. Replace with real Sentinel-2/Landsat analysis."
Namakkal,2015,2,2015-02-15,0.51,-0.362,0.104,Landsat-7 ETM+,7.6,SYNTHETIC_PLACEHOLDER,"Demo spectral indices for Namakkal, 2015-02. Replace with real Sentinel-2/Landsat analysis."
Namakkal,2015,3,2015-03-15,0.243,-0.284,0.163,Landsat-8 OLI,3.6,SYNTHETIC_PLACEHOLDER,"Demo spectral indices for Namakkal, 2015-03. Replace with real Sentinel-2/Landsat analysis."
Namakkal,2015,4,2015-04-15,0.299,-0.244,0.104,Sentinel-2A MSI,12.3,SYNTHETIC_PLACEHOLDER,"Demo spectral indices for Namakkal, 2015-04. Replace with real Sentinel-2/Landsat analysis."
Namakkal,2015,5,2015-05-15,0.16,0.001,-0.202,Sentinel-2A MSI,6.7,SYNTHETIC_PLACEHOLDER,"Demo spectral indices for Namakkal, 2015-05. Replace with real Sentinel-2/Landsat analysis."
Namakkal,2015,6,2015-06-15,0.485,0.257,-0.194,Sentinel-2A MSI,0.5,SYNTHETIC_PLACEHOLDER,"Demo spectral indices for Namakkal, 2015-06. Replace with real Sentinel-2/Landsat analysis."
Namakkal,2015,7,2015-07-15,0.647,0.354,0.28,Landsat-8 OLI,13.4,SYNTHETIC_PLACEHOLDER,"Demo spectral indices for Namakkal, 2015-07. Replace with real Sentinel-2/Landsat analysis."
Namakkal,2015,8,2015-08-15,0.634,0.119,-0.063,Landsat-5 TM,12.2,SYNTHETIC_PLACEHOLDER,"Demo spectral indices for Namakkal, 2015-08. Replace with real Sentinel-2/Landsat analysis."
Namakkal,2015,9,2015-09-15,0.686,0.337,0.08,Landsat-8 OLI,10.7,SYNTHETIC_PLACEHOLDER,"Demo spectral indices for Namakkal, 2015-09. Replace with real Sentinel-2/Landsat analysis."
Namakkal,2015,10,2015-10-15,0.51,-0.045,-0.062,Landsat-8 OLI,8.2,SYNTHETIC_PLACEHOLDER,"Demo spectral indices for Namakkal, 2015-10. Replace with real Sentinel-2/Landsat analysis."
Namakkal,2015,11,2015-11-15,0.385,0.428,0.021,Sentinel-2A MSI,1.6,SYNTHETIC_PLACEHOLDER,"Demo spectral indices for Namakkal, 2015-11. Replace with real Sentinel-2/Landsat analysis."
Namakkal,2015,12,2015-12-15,0.441,0.451,-0.034,Sentinel-2A MSI,12.4,SYNTHETIC_PLACEHOLDER,"Demo spectral indices for Namakkal, 2015-12. Replace with real Sentinel-2/Landsat analysis."
Nilgiris,2005,1,2005-01-15,0.372,0.13,-0.224,Sentinel-2B MSI,1.8,SYNTHETIC_PLACEHOLDER,"Demo spectral indices for Nilgiris, 2005-01. Replace with real Sentinel-2/Landsat analysis."
Nilgiris,2005,2,2005-02-15,0.524,0.013,0.027,Sentinel-2A MSI,0.1,SYNTHETIC_PLACEHOLDER,"Demo spectral indices for Nilgiris, 2005-02. Replace with real Sentinel-2/Landsat analysis."
Nilgiris,2005,3,2005-03-15,0.303,-0.097,0.072,Sentinel-2B MSI,11.7,SYNTHETIC_PLACEHOLDER,"Demo spectral indices for Nilgiris, 2005-03. Replace with real Sentinel-2/Landsat analysis."
Nilgiris,2005,4,2005-04-15,0.351,-0.278,0.198,Landsat-5 TM,5.8,SYNTHETIC_PLACEHOLDER,"Demo spectral indices for Nilgiris, 2005-04. Replace with real Sentinel-2/Landsat analysis."
Nilgiris,2005,5,2005-05-15,0.308,-0.047,-0.038,Sentinel-2B MSI,13.7,SYNTHETIC_PLACEHOLDER,"Demo spectral indices for Nilgiris, 2005-05. Replace with real Sentinel-2/Landsat analysis."
Nilgiris,2005,6,2005-06-15,0.656,0.475,0.284,Sentinel-2A MSI,12.1,SYNTHETIC_PLACEHOLDER,"Demo spectral indices for Nilgiris, 2005-06. Replace with real Sentinel-2/Landsat analysis."
Nilgiris,2005,7,2005-07-15,0.502,0.421,0.032,Sentinel-2B MSI,12.9,SYNTHETIC_PLACEHOLDER,"Demo spectral indices for Nilgiris, 2005-07. Replace with real Sentinel-2/Landsat analysis."
Nilgiris,2005,8,2005-08-15,0.707,0.243,-0.14,Sentinel-2B MSI,10.7,SYNTHETIC_PLACEHOLDER,"Demo spectral indices for Nilgiris, 2005-08. Replace with real Sentinel-2/Landsat analysis."
Nilgiris,2005,9,2005-09-15,0.698,-0.107,0.141,Landsat-7 ETM+,7.6,SYNTHETIC_PLACEHOLDER,"Demo spectral indices for Nilgiris, 2005-09. Replace with real Sentinel-2/Landsat analysis."
Nilgiris,2005,10,2005-10-15,0.641,-0.119,-0.056,Sentinel-2A MSI,8.7,SYNTHETIC_PLACEHOLDER,"Demo spectral indices for Nilgiris, 2005-10. Replace with real Sentinel-2/Landsat analysis."
Nilgiris,2005,11,2005-11-15,0.56,0.272,0.242,Sentinel-2B MSI,4.3,SYNTHETIC_PLACEHOLDER,"Demo spectral indices for Nilgiris, 2005-11. Replace with real Sentinel-2/Landsat analysis."
Nilgiris,2005,12,2005-12-15,0.55,0.166,-0.236,Landsat-7 ETM+,0.8,SYNTHETIC_PLACEHOLDER,"Demo spectral indices for Nilgiris, 2005-12. Replace with real Sentinel-2/Landsat analysis."
Nilgiris,2011,1,2011-01-15,0.338,0.15,0.291,Landsat-8 OLI,2.2,SYNTHETIC_PLACEHOLDER,"Demo spectral indices for Nilgiris, 2011-01. Replace with real Sentinel-2/Landsat analysis."
Nilgiris,2011,2,2011-02-15,0.391,-0.257,0.048,Landsat-8 OLI,12.2,SYNTHETIC_PLACEHOLDER,"Demo spectral indices for Nilgiris, 2011-02. Replace with real Sentinel-2/Landsat analysis."
Nilgiris,2011,3,2011-03-15,0.207,0.118,0.226,Sentinel-2B MSI,5.8,SYNTHETIC_PLACEHOLDER,"Demo spectral indices for Nilgiris, 2011-03. Replace with real Sentinel-2/Landsat analysis."
Nilgiris,2011,4,2011-04-15,0.282,0.087,0.131,Landsat-5 TM,13.9,SYNTHETIC_PLACEHOLDER,"Demo spectral indices for Nilgiris, 2011-04. Replace with real Sentinel-2/Landsat analysis."
Nilgiris,2011,5,2011-05-15,0.273,0.283,-0.078,Sentinel-2B MSI,0.8,SYNTHETIC_PLACEHOLDER,"Demo spectral indices for Nilgiris, 2011-05. Replace with real Sentinel-2/Landsat analysis."
Nilgiris,2011,6,2011-06-15,0.643,0.408,0.223,Sentinel-2A MSI,12.4,SYNTHETIC_PLACEHOLDER,"Demo spectral indices for Nilgiris, 2011-06. Replace with real Sentinel-2/Landsat analysis."
Nilgiris,2011,7,2011-07-15,0.744,0.253,0.165,Sentinel-2B MSI,11.1,SYNTHETIC_PLACEHOLDER,"Demo spectral indices for Nilgiris, 2011-07. Replace with real Sentinel-2/Landsat analysis."
Nilgiris,2011,8,2011-08-15,0.531,-0.065,-0.003,Landsat-5 TM,2.8,SYNTHETIC_PLACEHOLDER,"Demo spectral indices for Nilgiris, 2011-08. Replace with real Sentinel-2/Landsat analysis."
Nilgiris,2011,9,2011-09-15,0.504,0.064,-0.014,Sentinel-2B MSI,4.0,SYNTHETIC_PLACEHOLDER,"Demo spectral indices for Nilgiris, 2011-09. Replace with real Sentinel-2/Landsat analysis."
Nilgiris,2011,10,2011-10-15,0.533,-0.196,0.006,Landsat-7 ETM+,0.6,SYNTHETIC_PLACEHOLDER,"Demo spectral indices for Nilgiris, 2011-10. Replace with real Sentinel-2/Landsat analysis."
Nilgiris,2011,11,2011-11-15,0.545,0.342,0.094,Landsat-8 OLI,7.4,SYNTHETIC_PLACEHOLDER,"Demo spectral indices for Nilgiris, 2011-11. Replace with real Sentinel-2/Landsat analysis."
Nilgiris,2011,12,2011-12-15,0.45,0.349,-0.075,Landsat-7 ETM+,14.4,SYNTHETIC_PLACEHOLDER,"Demo spectral indices for Nilgiris, 2011-12. Replace with real Sentinel-2/Landsat analysis."
Nilgiris,2015,1,2015-01-15,0.483,-0.288,0.049,Sentinel-2A MSI,1.4,SYNTHETIC_PLACEHOLDER,"Demo spectral indices for Nilgiris, 2015-01. Replace with real Sentinel-2/Landsat analysis."
Nilgiris,2015,2,2015-02-15,0.366,-0.168,-0.052,Landsat-7 ETM+,14.3,SYNTHETIC_PLACEHOLDER,"Demo spectral indices for Nilgiris, 2015-02. Replace with real Sentinel-2/Landsat analysis."
Nilgiris,2015,3,2015-03-15,0.271,-0.007,0.164,Landsat-5 TM,1.7,SYNTHETIC_PLACEHOLDER,"Demo spectral indices for Nilgiris, 2015-03. Replace with real Sentinel-2/Landsat analysis."
Nilgiris,2015,4,2015-04-15,0.193,0.05,0.255,Landsat-7 ETM+,14.4,SYNTHETIC_PLACEHOLDER,"Demo spectral indices for Nilgiris, 2015-04. Replace with real Sentinel-2/Landsat analysis."
Nilgiris,2015,5,2015-05-15,0.269,0.241,0.27,Sentinel-2A MSI,3.8,SYNTHETIC_PLACEHOLDER,"Demo spectral indices for Nilgiris, 2015-05. Replace with real Sentinel-2/Landsat analysis."
Nilgiris,2015,6,2015-06-15,0.62,0.162,0.174,Sentinel-2B MSI,12.0,SYNTHETIC_PLACEHOLDER,"Demo spectral indices for Nilgiris, 2015-06. Replace with real Sentinel-2/Landsat analysis."
Nilgiris,2015,7,2015-07-15,0.538,0.429,-0.144,Sentinel-2B MSI,1.2,SYNTHETIC_PLACEHOLDER,"Demo spectral indices for Nilgiris, 2015-07. Replace with real Sentinel-2/Landsat analysis."
Nilgiris,2015,8,2015-08-15,0.526,0.341,0.043,Landsat-5 TM,3.2,SYNTHETIC_PLACEHOLDER,"Demo spectral indices for Nilgiris, 2015-08. Replace with real Sentinel-2/Landsat analysis."
Nilgiris,2015,9,2015-09-15,0.61,0.28,0.21,Landsat-7 ETM+,8.1,SYNTHETIC_PLACEHOLDER,"Demo spectral indices for Nilgiris, 2015-09. Replace with real Sentinel-2/Landsat analysis."
Nilgiris,2015,10,2015-10-15,0.708,0.343,0.106,Landsat-5 TM,11.2,SYNTHETIC_PLACEHOLDER,"Demo spectral indices for Nilgiris, 2015-10. Replace with real Sentinel-2/Landsat analysis."
Nilgiris,2015,11,2015-11-15,0.377,0.032,-0.202,Landsat-5 TM,2.7,SYNTHETIC_PLACEHOLDER,"Demo spectral indices for Nilgiris, 2015-11. Replace with real Sentinel-2/Landsat analysis."
Nilgiris,2015,12,2015-12-15,0.357,0.375,0.251,Sentinel-2A MSI,5.8,SYNTHETIC_PLACEHOLDER,"Demo spectral indices for Nilgiris, 2015-12. Replace with real Sentinel-2/Landsat analysis."
Perambalur,2005,1,2005-01-15,0.469,-0.388,0.12,Sentinel-2B MSI,0.1,SYNTHETIC_PLACEHOLDER,"Demo spectral indices for Perambalur, 2005-01. Replace with real Sentinel-2/Landsat analysis."
Perambalur,2005,2,2005-02-15,0.45,0.122,-0.225,Landsat-5 TM,5.4,SYNTHETIC_PLACEHOLDER,"Demo spectral indices for Perambalur, 2005-02. Replace with real Sentinel-2/Landsat analysis."
Perambalur,2005,3,2005-03-15,0.23,0.08,0.084,Landsat-8 OLI,11.5,SYNTHETIC_PLACEHOLDER,"Demo spectral indices for Perambalur, 2005-03. Replace with real Sentinel-2/Landsat analysis."
Perambalur,2005,4,2005-04-15,0.227,0.063,0.011,Sentinel-2B MSI,3.3,SYNTHETIC_PLACEHOLDER,"Demo spectral indices for Perambalur, 2005-04. Replace with real Sentinel-2/Landsat analysis."
Perambalur,2005,5,2005-05-15,0.329,0.195,-0.088,Landsat-7 ETM+,4.5,SYNTHETIC_PLACEHOLDER,"Demo spectral indices for Perambalur, 2005-05. Replace with real Sentinel-2/Landsat analysis."
Perambalur,2005,6,2005-06-15,0.763,0.407,0.106,Landsat-5 TM,8.3,SYNTHETIC_PLACEHOLDER,"Demo spectral indices for Perambalur, 2005-06. Replace with real Sentinel-2/Landsat analysis."
Perambalur,2005,7,2005-07-15,0.579,-0.196,0.078,Sentinel-2B MSI,8.2,SYNTHETIC_PLACEHOLDER,"Demo spectral indices for Perambalur, 2005-07. Replace with real Sentinel-2/Landsat analysis."
Perambalur,2005,8,2005-08-15,0.447,0.319,0.149,Landsat-7 ETM+,6.2,SYNTHETIC_PLACEHOLDER,"Demo spectral indices for Perambalur, 2005-08. Replace with real Sentinel-2/Landsat analysis."
Perambalur,2005,9,2005-09-15,0.645,-0.087,-0.129,Landsat-8 OLI,2.9,SYNTHETIC_PLACEHOLDER,"Demo spectral indices for Perambalur, 2005-09. Replace with real Sentinel-2/Landsat analysis."
Perambalur,2005,10,2005-10-15,0.534,0.397,0.218,Sentinel-2B MSI,6.9,SYNTHETIC_PLACEHOLDER,"Demo spectral indices for Perambalur, 2005-10. Replace with real Sentinel-2/Landsat analysis."
Perambalur,2005,11,2005-11-15,0.439,-0.153,-0.196,Sentinel-2B MSI,7.3,SYNTHETIC_PLACEHOLDER,"Demo spectral indices for Perambalur, 2005-11. Replace with real Sentinel-2/Landsat analysis."
Perambalur,2005,12,2005-12-15,0.379,0.259,-0.195,Sentinel-2B MSI,1.0,SYNTHETIC_PLACEHOLDER,"Demo spectral indices for Perambalur, 2005-12. Replace with real Sentinel-2/Landsat analysis."
Perambalur,2011,1,2011-01-15,0.387,-0.17,0.113,Sentinel-2B MSI,2.3,SYNTHETIC_PLACEHOLDER,"Demo spectral indices for Perambalur, 2011-01. Replace with real Sentinel-2/Landsat analysis."
Perambalur,2011,2,2011-02-15,0.494,0.271,-0.157,Landsat-8 OLI,3.7,SYNTHETIC_PLACEHOLDER,"Demo spectral indices for Perambalur, 2011-02. Replace with real Sentinel-2/Landsat analysis."
Perambalur,2011,3,2011-03-15,0.218,-0.095,0.212,Landsat-7 ETM+,10.2,SYNTHETIC_PLACEHOLDER,"Demo spectral indices for Perambalur, 2011-03. Replace with real Sentinel-2/Landsat analysis."
Perambalur,2011,4,2011-04-15,0.214,-0.088,0.176,Sentinel-2A MSI,8.3,SYNTHETIC_PLACEHOLDER,"Demo spectral indices for Perambalur, 2011-04. Replace with real Sentinel-2/Landsat analysis."
Perambalur,2011,5,2011-05-15,0.196,0.189,0.222,Landsat-7 ETM+,13.4,SYNTHETIC_PLACEHOLDER,"Demo spectral indices for Perambalur, 2011-05. Replace with real Sentinel-2/Landsat analysis."
Perambalur,2011,6,2011-06-15,0.532,0.239,0.15,Landsat-5 TM,12.7,SYNTHETIC_PLACEHOLDER,"Demo spectral indices for Perambalur, 2011-06. Replace with real Sentinel-2/Landsat analysis."
Perambalur,2011,7,2011-07-15,0.671,0.205,0.173,Landsat-7 ETM+,13.6,SYNTHETIC_PLACEHOLDER,"Demo spectral indices for Perambalur, 2011-07. Replace with real Sentinel-2/Landsat analysis."
Perambalur,2011,8,2011-08-15,0.62,0.499,0.01,Landsat-7 ETM+,5.5,SYNTHETIC_PLACEHOLDER,"Demo spectral indices for Perambalur, 2011-08. Replace with real Sentinel-2/Landsat analysis."
Perambalur,2011,9,2011-09-15,0.544,0.313,-0.09,Sentinel-2A MSI,7.5,SYNTHETIC_PLACEHOLDER,"Demo spectral indices for Perambalur, 2011-09. Replace with real Sentinel-2/Landsat analysis."
Perambalur,2011,10,2011-10-15,0.464,-0.193,-0.119,Sentinel-2B MSI,10.3,SYNTHETIC_PLACEHOLDER,"Demo spectral indices for Perambalur, 2011-10. Replace with real Sentinel-2/Landsat analysis."
Perambalur,2011,11,2011-11-15,0.465,-0.089,0.061,Sentinel-2B MSI,9.9,SYNTHETIC_PLACEHOLDER,"Demo spectral indices for Perambalur, 2011-11. Replace with real Sentinel-2/Landsat analysis."
Perambalur,2011,12,2011-12-15,0.567,0.138,-0.053,Landsat-7 ETM+,11.4,SYNTHETIC_PLACEHOLDER,"Demo spectral indices for Perambalur, 2011-12. Replace with real Sentinel-2/Landsat analysis."
Perambalur,2015,1,2015-01-15,0.373,-0.236,0.118,Sentinel-2B MSI,13.6,SYNTHETIC_PLACEHOLDER,"Demo spectral indices for Perambalur, 2015-01. Replace with real Sentinel-2/Landsat analysis."
Perambalur,2015,2,2015-02-15,0.419,-0.082,-0.224,Landsat-8 OLI,1.5,SYNTHETIC_PLACEHOLDER,"Demo spectral indices for Perambalur, 2015-02. Replace with real Sentinel-2/Landsat analysis."
Perambalur,2015,3,2015-03-15,0.357,-0.209,0.158,Sentinel-2B MSI,8.2,SYNTHETIC_PLACEHOLDER,"Demo spectral indices for Perambalur, 2015-03. Replace with real Sentinel-2/Landsat analysis."
Perambalur,2015,4,2015-04-15,0.2,-0.144,0.109,Landsat-5 TM,7.7,SYNTHETIC_PLACEHOLDER,"Demo spectral indices for Perambalur, 2015-04. Replace with real Sentinel-2/Landsat analysis."
Perambalur,2015,5,2015-05-15,0.266,-0.039,-0.056,Landsat-8 OLI,7.3,SYNTHETIC_PLACEHOLDER,"Demo spectral indices for Perambalur, 2015-05. Replace with real Sentinel-2/Landsat analysis."
Perambalur,2015,6,2015-06-15,0.605,0.151,-0.174,Landsat-7 ETM+,3.4,SYNTHETIC_PLACEHOLDER,"Demo spectral indices for Perambalur, 2015-06. Replace with real Sentinel-2/Landsat analysis."
Perambalur,2015,7,2015-07-15,0.582,-0.095,-0.163,Sentinel-2B MSI,10.8,SYNTHETIC_PLACEHOLDER,"Demo spectral indices for Perambalur, 2015-07. Replace with real Sentinel-2/Landsat analysis."
Perambalur,2015,8,2015-08-15,0.459,0.368,0.146,Sentinel-2A MSI,10.1,SYNTHETIC_PLACEHOLDER,"Demo spectral indices for Perambalur, 2015-08. Replace with real Sentinel-2/Landsat analysis."
Perambalur,2015,9,2015-09-15,0.603,0.253,-0.024,Landsat-7 ETM+,0.6,SYNTHETIC_PLACEHOLDER,"Demo spectral indices for Perambalur, 2015-09. Replace with real Sentinel-2/Landsat analysis."
Perambalur,2015,10,2015-10-15,0.588,0.241,-0.228,Sentinel-2B MSI,2.2,SYNTHETIC_PLACEHOLDER,"Demo spectral indices for Perambalur, 2015-10. Replace with real Sentinel-2/Landsat analysis."
Perambalur,2015,11,2015-11-15,0.426,0.162,-0.027,Sentinel-2B MSI,9.6,SYNTHETIC_PLACEHOLDER,"Demo spectral indices for Perambalur, 2015-11. Replace with real Sentinel-2/Landsat analysis."
Perambalur,2015,12,2015-12-15,0.548,0.375,0.271,Landsat-7 ETM+,6.7,SYNTHETIC_PLACEHOLDER,"Demo spectral indices for Perambalur, 2015-12. Replace with real Sentinel-2/Landsat analysis."
Pudukkottai,2005,1,2005-01-15,0.585,-0.281,0.207,Sentinel-2B MSI,2.1,SYNTHETIC_PLACEHOLDER,"Demo spectral indices for Pudukkottai, 2005-01. Replace with real Sentinel-2/Landsat analysis."
Pudukkottai,2005,2,2005-02-15,0.493,0.036,0.031,Landsat-7 ETM+,10.9,SYNTHETIC_PLACEHOLDER,"Demo spectral indices for Pudukkottai, 2005-02. Replace with real Sentinel-2/Landsat analysis."
Pudukkottai,2005,3,2005-03-15,0.214,0.013,-0.124,Sentinel-2A MSI,2.0,SYNTHETIC_PLACEHOLDER,"Demo spectral indices for Pudukkottai, 2005-03. Replace with real Sentinel-2/Landsat analysis."
Pudukkottai,2005,4,2005-04-15,0.156,0.237,0.126,Landsat-7 ETM+,9.1,SYNTHETIC_PLACEHOLDER,"Demo spectral indices for Pudukkottai, 2005-04. Replace with real Sentinel-2/Landsat analysis."
Pudukkottai,2005,5,2005-05-15,0.226,0.02,0.233,Sentinel-2B MSI,7.5,SYNTHETIC_PLACEHOLDER,"Demo spectral indices for Pudukkottai, 2005-05. Replace with real Sentinel-2/Landsat analysis."
Pudukkottai,2005,6,2005-06-15,0.483,-0.109,0.082,Landsat-5 TM,13.5,SYNTHETIC_PLACEHOLDER,"Demo spectral indices for Pudukkottai, 2005-06. Replace with real Sentinel-2/Landsat analysis."
Pudukkottai,2005,7,2005-07-15,0.697,0.165,-0.046,Landsat-5 TM,10.5,SYNTHETIC_PLACEHOLDER,"Demo spectral indices for Pudukkottai, 2005-07. Replace with real Sentinel-2/Landsat analysis."
Pudukkottai,2005,8,2005-08-15,0.623,0.137,0.173,Landsat-8 OLI,8.8,SYNTHETIC_PLACEHOLDER,"Demo spectral indices for Pudukkottai, 2005-08. Replace with real Sentinel-2/Landsat analysis."
Pudukkottai,2005,9,2005-09-15,0.699,0.288,-0.196,Landsat-7 ETM+,3.8,SYNTHETIC_PLACEHOLDER,"Demo spectral indices for Pudukkottai, 2005-09. Replace with real Sentinel-2/Landsat analysis."
Pudukkottai,2005,10,2005-10-15,0.721,-0.141,0.079,Sentinel-2B MSI,6.1,SYNTHETIC_PLACEHOLDER,"Demo spectral indices for Pudukkottai, 2005-10. Replace with real Sentinel-2/Landsat analysis."
Pudukkottai,2005,11,2005-11-15,0.409,0.353,0.068,Landsat-5 TM,7.8,SYNTHETIC_PLACEHOLDER,"Demo spectral indices for Pudukkottai, 2005-11. Replace with real Sentinel-2/Landsat analysis."
Pudukkottai,2005,12,2005-12-15,0.396,0.363,-0.025,Landsat-5 TM,2.3,SYNTHETIC_PLACEHOLDER,"Demo spectral indices for Pudukkottai, 2005-12. Replace with real Sentinel-2/Landsat analysis."
Pudukkottai,2011,1,2011-01-15,0.456,0.198,-0.017,Landsat-8 OLI,9.2,SYNTHETIC_PLACEHOLDER,"Demo spectral indices for Pudukkottai, 2011-01. Replace with real Sentinel-2/Landsat analysis."
Pudukkottai,2011,2,2011-02-15,0.538,-0.257,0.054,Sentinel-2B MSI,7.2,SYNTHETIC_PLACEHOLDER,"Demo spectral indices for Pudukkottai, 2011-02. Replace with real Sentinel-2/Landsat analysis."
Pudukkottai,2011,3,2011-03-15,0.23,-0.222,-0.081,Landsat-8 OLI,11.6,SYNTHETIC_PLACEHOLDER,"Demo spectral indices for Pudukkottai, 2011-03. Replace with real Sentinel-2/Landsat analysis."
Pudukkottai,2011,4,2011-04-15,0.193,0.205,-0.185,Landsat-7 ETM+,6.7,SYNTHETIC_PLACEHOLDER,"Demo spectral indices for Pudukkottai, 2011-04. Replace with real Sentinel-2/Landsat analysis."
Pudukkottai,2011,5,2011-05-15,0.256,-0.25,-0.03,Landsat-8 OLI,12.0,SYNTHETIC_PLACEHOLDER,"Demo spectral indices for Pudukkottai, 2011-05. Replace with real Sentinel-2/Landsat analysis."
Pudukkottai,2011,6,2011-06-15,0.653,-0.164,-0.036,Landsat-5 TM,12.1,SYNTHETIC_PLACEHOLDER,"Demo spectral indices for Pudukkottai, 2011-06. Replace with real Sentinel-2/Landsat analysis."
Pudukkottai,2011,7,2011-07-15,0.694,0.22,-0.202,Landsat-8 OLI,3.3,SYNTHETIC_PLACEHOLDER,"Demo spectral indices for Pudukkottai, 2011-07. Replace with real Sentinel-2/Landsat analysis."
Pudukkottai,2011,8,2011-08-15,0.428,0.069,0.291,Sentinel-2B MSI,9.8,SYNTHETIC_PLACEHOLDER,"Demo spectral indices for Pudukkottai, 2011-08. Replace with real Sentinel-2/Landsat analysis."
Pudukkottai,2011,9,2011-09-15,0.582,-0.16,0.175,Landsat-7 ETM+,9.6,SYNTHETIC_PLACEHOLDER,"Demo spectral indices for Pudukkottai, 2011-09. Replace with real Sentinel-2/Landsat analysis."
Pudukkottai,2011,10,2011-10-15,0.552,0.26,0.192,Landsat-8 OLI,2.9,SYNTHETIC_PLACEHOLDER,"Demo spectral indices for Pudukkottai, 2011-10. Replace with real Sentinel-2/Landsat analysis."
Pudukkottai,2011,11,2011-11-15,0.508,0.289,0.088,Landsat-5 TM,5.4,SYNTHETIC_PLACEHOLDER,"Demo spectral indices for Pudukkottai, 2011-11. Replace with real Sentinel-2/Landsat analysis."
Pudukkottai,2011,12,2011-12-15,0.529,-0.139,-0.098,Sentinel-2A MSI,5.3,SYNTHETIC_PLACEHOLDER,"Demo spectral indices for Pudukkottai, 2011-12. Replace with real Sentinel-2/Landsat analysis."
Pudukkottai,2015,1,2015-01-15,0.438,-0.038,0.155,Landsat-5 TM,13.8,SYNTHETIC_PLACEHOLDER,"Demo spectral indices for Pudukkottai, 2015-01. Replace with real Sentinel-2/Landsat analysis."
Pudukkottai,2015,2,2015-02-15,0.483,-0.009,0.071,Landsat-8 OLI,14.4,SYNTHETIC_PLACEHOLDER,"Demo spectral indices for Pudukkottai, 2015-02. Replace with real Sentinel-2/Landsat analysis."
Pudukkottai,2015,3,2015-03-15,0.216,-0.264,0.261,Sentinel-2B MSI,0.1,SYNTHETIC_PLACEHOLDER,"Demo spectral indices for Pudukkottai, 2015-03. Replace with real Sentinel-2/Landsat analysis."
Pudukkottai,2015,4,2015-04-15,0.186,-0.009,0.027,Landsat-8 OLI,14.2,SYNTHETIC_PLACEHOLDER,"Demo spectral indices for Pudukkottai, 2015-04. Replace with real Sentinel-2/Landsat analysis."
Pudukkottai,2015,5,2015-05-15,0.356,0.213,0.197,Sentinel-2B MSI,3.8,SYNTHETIC_PLACEHOLDER,"Demo spectral indices for Pudukkottai, 2015-05. Replace with real Sentinel-2/Landsat analysis."
Pudukkottai,2015,6,2015-06-15,0.571,0.139,-0.116,Landsat-8 OLI,14.4,SYNTHETIC_PLACEHOLDER,"Demo spectral indices for Pudukkottai, 2015-06. Replace with real Sentinel-2/Landsat analysis."
Pudukkottai,2015,7,2015-07-15,0.584,0.211,-0.235,Landsat-5 TM,3.9,SYNTHETIC_PLACEHOLDER,"Demo spectral indices for Pudukkottai, 2015-07. Replace with real Sentinel-2/Landsat analysis."
Pudukkottai,2015,8,2015-08-15,0.594,-0.046,0.136,Landsat-8 OLI,6.2,SYNTHETIC_PLACEHOLDER,"Demo spectral indices for Pudukkottai, 2015-08. Replace with real Sentinel-2/Landsat analysis."
Pudukkottai,2015,9,2015-09-15,0.559,0.291,-0.105,Landsat-8 OLI,1.4,SYNTHETIC_PLACEHOLDER,"Demo spectral indices for Pudukkottai, 2015-09. Replace with real Sentinel-2/Landsat analysis."
Pudukkottai,2015,10,2015-10-15,0.684,-0.147,0.262,Sentinel-2A MSI,4.7,SYNTHETIC_PLACEHOLDER,"Demo spectral indices for Pudukkottai, 2015-10. Replace with real Sentinel-2/Landsat analysis."
Pudukkottai,2015,11,2015-11-15,0.401,-0.072,0.16,Landsat-7 ETM+,7.5,SYNTHETIC_PLACEHOLDER,"Demo spectral indices for Pudukkottai, 2015-11. Replace with real Sentinel-2/Landsat analysis."
Pudukkottai,2015,12,2015-12-15,0.413,0.411,-0.136,Landsat-7 ETM+,12.5,SYNTHETIC_PLACEHOLDER,"Demo spectral indices for Pudukkottai, 2015-12. Replace with real Sentinel-2/Landsat analysis."
Ramanathapuram,2005,1,2005-01-15,0.503,0.145,-0.184,Landsat-5 TM,10.1,SYNTHETIC_PLACEHOLDER,"Demo spectral indices for Ramanathapuram, 2005-01. Replace with real Sentinel-2/Landsat analysis."
Ramanathapuram,2005,2,2005-02-15,0.494,0.135,0.048,Landsat-5 TM,12.7,SYNTHETIC_PLACEHOLDER,"Demo spectral indices for Ramanathapuram, 2005-02. Replace with real Sentinel-2/Landsat analysis."
Ramanathapuram,2005,3,2005-03-15,0.206,0.229,0.235,Sentinel-2B MSI,13.0,SYNTHETIC_PLACEHOLDER,"Demo spectral indices for Ramanathapuram, 2005-03. Replace with real Sentinel-2/Landsat analysis."
Ramanathapuram,2005,4,2005-04-15,0.297,0.241,-0.096,Landsat-7 ETM+,11.3,SYNTHETIC_PLACEHOLDER,"Demo spectral indices for Ramanathapuram, 2005-04. Replace with real Sentinel-2/Landsat analysis."
Ramanathapuram,2005,5,2005-05-15,0.178,-0.104,0.267,Landsat-5 TM,7.5,SYNTHETIC_PLACEHOLDER,"Demo spectral indices for Ramanathapuram, 2005-05. Replace with real Sentinel-2/Landsat analysis."
Ramanathapuram,2005,6,2005-06-15,0.587,-0.078,0.287,Sentinel-2B MSI,6.9,SYNTHETIC_PLACEHOLDER,"Demo spectral indices for Ramanathapuram, 2005-06. Replace with real Sentinel-2/Landsat analysis."
Ramanathapuram,2005,7,2005-07-15,0.608,-0.052,0.07,Landsat-8 OLI,5.4,SYNTHETIC_PLACEHOLDER,"Demo spectral indices for Ramanathapuram, 2005-07. Replace with real Sentinel-2/Landsat analysis."
Ramanathapuram,2005,8,2005-08-15,0.677,-0.016,-0.102,Sentinel-2B MSI,5.1,SYNTHETIC_PLACEHOLDER,"Demo spectral indices for Ramanathapuram, 2005-08. Replace with real Sentinel-2/Landsat analysis."
Ramanathapuram,2005,9,2005-09-15,0.498,0.093,0.164,Landsat-8 OLI,12.8,SYNTHETIC_PLACEHOLDER,"Demo spectral indices for Ramanathapuram, 2005-09. Replace with real Sentinel-2/Landsat analysis."
Ramanathapuram,2005,10,2005-10-15,0.502,-0.108,0.067,Landsat-7 ETM+,12.2,SYNTHETIC_PLACEHOLDER,"Demo spectral indices for Ramanathapuram, 2005-10. Replace with real Sentinel-2/Landsat analysis."
Ramanathapuram,2005,11,2005-11-15,0.525,0.189,0.221,Landsat-7 ETM+,2.2,SYNTHETIC_PLACEHOLDER,"Demo spectral indices for Ramanathapuram, 2005-11. Replace with real Sentinel-2/Landsat analysis."
Ramanathapuram,2005,12,2005-12-15,0.507,0.364,-0.153,Sentinel-2A MSI,2.0,SYNTHETIC_PLACEHOLDER,"Demo spectral indices for Ramanathapuram, 2005-12. Replace with real Sentinel-2/Landsat analysis."
Ramanathapuram,2011,1,2011-01-15,0.542,-0.026,-0.076,Sentinel-2A MSI,4.5,SYNTHETIC_PLACEHOLDER,"Demo spectral indices for Ramanathapuram, 2011-01. Replace with real Sentinel-2/Landsat analysis."
Ramanathapuram,2011,2,2011-02-15,0.469,-0.121,0.13,Landsat-5 TM,3.2,SYNTHETIC_PLACEHOLDER,"Demo spectral indices for Ramanathapuram, 2011-02. Replace with real Sentinel-2/Landsat analysis."
Ramanathapuram,2011,3,2011-03-15,0.235,-0.333,0.16,Landsat-8 OLI,5.4,SYNTHETIC_PLACEHOLDER,"Demo spectral indices for Ramanathapuram, 2011-03. Replace with real Sentinel-2/Landsat analysis."
Ramanathapuram,2011,4,2011-04-15,0.305,-0.22,-0.239,Landsat-5 TM,5.3,SYNTHETIC_PLACEHOLDER,"Demo spectral indices for Ramanathapuram, 2011-04. Replace with real Sentinel-2/Landsat analysis."
Ramanathapuram,2011,5,2011-05-15,0.296,0.004,0.107,Sentinel-2B MSI,2.6,SYNTHETIC_PLACEHOLDER,"Demo spectral indices for Ramanathapuram, 2011-05. Replace with real Sentinel-2/Landsat analysis."
Ramanathapuram,2011,6,2011-06-15,0.67,0.271,0.018,Sentinel-2A MSI,13.3,SYNTHETIC_PLACEHOLDER,"Demo spectral indices for Ramanathapuram, 2011-06. Replace with real Sentinel-2/Landsat analysis."
Ramanathapuram,2011,7,2011-07-15,0.543,0.242,-0.17,Landsat-7 ETM+,9.6,SYNTHETIC_PLACEHOLDER,"Demo spectral indices for Ramanathapuram, 2011-07. Replace with real Sentinel-2/Landsat analysis."
Ramanathapuram,2011,8,2011-08-15,0.721,0.229,-0.027,Landsat-5 TM,1.2,SYNTHETIC_PLACEHOLDER,"Demo spectral indices for Ramanathapuram, 2011-08. Replace with real Sentinel-2/Landsat analysis."
Ramanathapuram,2011,9,2011-09-15,0.534,0.257,0.141,Sentinel-2B MSI,9.7,SYNTHETIC_PLACEHOLDER,"Demo spectral indices for Ramanathapuram, 2011-09. Replace with real Sentinel-2/Landsat analysis."
Ramanathapuram,2011,10,2011-10-15,0.526,0.404,-0.05,Sentinel-2B MSI,7.8,SYNTHETIC_PLACEHOLDER,"Demo spectral indices for Ramanathapuram, 2011-10. Replace with real Sentinel-2/Landsat analysis."
Ramanathapuram,2011,11,2011-11-15,0.407,0.398,-0.181,Landsat-7 ETM+,9.9,SYNTHETIC_PLACEHOLDER,"Demo spectral indices for Ramanathapuram, 2011-11. Replace with real Sentinel-2/Landsat analysis."
Ramanathapuram,2011,12,2011-12-15,0.558,-0.144,-0.158,Landsat-5 TM,1.4,SYNTHETIC_PLACEHOLDER,"Demo spectral indices for Ramanathapuram, 2011-12. Replace with real Sentinel-2/Landsat analysis."
Ramanathapuram,2015,1,2015-01-15,0.535,-0.362,0.174,Sentinel-2B MSI,11.5,SYNTHETIC_PLACEHOLDER,"Demo spectral indices for Ramanathapuram, 2015-01. Replace with real Sentinel-2/Landsat analysis."
Ramanathapuram,2015,2,2015-02-15,0.343,-0.291,0.11,Sentinel-2A MSI,4.6,SYNTHETIC_PLACEHOLDER,"Demo spectral indices for Ramanathapuram, 2015-02. Replace with real Sentinel-2/Landsat analysis."
Ramanathapuram,2015,3,2015-03-15,0.178,0.039,-0.178,Landsat-7 ETM+,0.4,SYNTHETIC_PLACEHOLDER,"Demo spectral indices for Ramanathapuram, 2015-03. Replace with real Sentinel-2/Landsat analysis."
Ramanathapuram,2015,4,2015-04-15,0.319,-0.172,0.012,Sentinel-2B MSI,14.0,SYNTHETIC_PLACEHOLDER,"Demo spectral indices for Ramanathapuram, 2015-04. Replace with real Sentinel-2/Landsat analysis."
Ramanathapuram,2015,5,2015-05-15,0.223,0.264,0.047,Sentinel-2B MSI,9.0,SYNTHETIC_PLACEHOLDER,"Demo spectral indices for Ramanathapuram, 2015-05. Replace with real Sentinel-2/Landsat analysis."
Ramanathapuram,2015,6,2015-06-15,0.653,0.195,0.038,Sentinel-2B MSI,4.6,SYNTHETIC_PLACEHOLDER,"Demo spectral indices for Ramanathapuram, 2015-06. Replace with real Sentinel-2/Landsat analysis."
Ramanathapuram,2015,7,2015-07-15,0.558,0.363,-0.007,Landsat-8 OLI,6.2,SYNTHETIC_PLACEHOLDER,"Demo spectral indices for Ramanathapuram, 2015-07. Replace with real Sentinel-2/Landsat analysis."
Ramanathapuram,2015,8,2015-08-15,0.448,0.166,0.167,Landsat-7 ETM+,5.2,SYNTHETIC_PLACEHOLDER,"Demo spectral indices for Ramanathapuram, 2015-08. Replace with real Sentinel-2/Landsat analysis."
Ramanathapuram,2015,9,2015-09-15,0.542,0.445,0.271,Sentinel-2A MSI,4.5,SYNTHETIC_PLACEHOLDER,"Demo spectral indices for Ramanathapuram, 2015-09. Replace with real Sentinel-2/Landsat analysis."
Ramanathapuram,2015,10,2015-10-15,0.71,0.218,0.188,Sentinel-2B MSI,5.6,SYNTHETIC_PLACEHOLDER,"Demo spectral indices for Ramanathapuram, 2015-10. Replace with real Sentinel-2/Landsat analysis."
Ramanathapuram,2015,11,2015-11-15,0.438,0.076,-0.16,Sentinel-2A MSI,12.4,SYNTHETIC_PLACEHOLDER,"Demo spectral indices for Ramanathapuram, 2015-11. Replace with real Sentinel-2/Landsat analysis."
Ramanathapuram,2015,12,2015-12-15,0.352,0.238,0.034,Sentinel-2B MSI,12.1,SYNTHETIC_PLACEHOLDER,"Demo spectral indices for Ramanathapuram, 2015-12. Replace with real Sentinel-2/Landsat analysis."
Ranipet,2005,1,2005-01-15,0.465,0.12,0.195,Sentinel-2A MSI,2.8,SYNTHETIC_PLACEHOLDER,"Demo spectral indices for Ranipet, 2005-01. Replace with real Sentinel-2/Landsat analysis."
Ranipet,2005,2,2005-02-15,0.327,-0.323,0.0,Sentinel-2A MSI,4.1,SYNTHETIC_PLACEHOLDER,"Demo spectral indices for Ranipet, 2005-02. Replace with real Sentinel-2/Landsat analysis."
Ranipet,2005,3,2005-03-15,0.243,-0.386,-0.223,Sentinel-2B MSI,0.3,SYNTHETIC_PLACEHOLDER,"Demo spectral indices for Ranipet, 2005-03. Replace with real Sentinel-2/Landsat analysis."
Ranipet,2005,4,2005-04-15,0.323,-0.312,-0.009,Landsat-5 TM,3.5,SYNTHETIC_PLACEHOLDER,"Demo spectral indices for Ranipet, 2005-04. Replace with real Sentinel-2/Landsat analysis."
Ranipet,2005,5,2005-05-15,0.179,-0.161,-0.079,Sentinel-2A MSI,15.0,SYNTHETIC_PLACEHOLDER,"Demo spectral indices for Ranipet, 2005-05. Replace with real Sentinel-2/Landsat analysis."
Ranipet,2005,6,2005-06-15,0.618,0.031,0.214,Landsat-7 ETM+,0.8,SYNTHETIC_PLACEHOLDER,"Demo spectral indices for Ranipet, 2005-06. Replace with real Sentinel-2/Landsat analysis."
Ranipet,2005,7,2005-07-15,0.64,0.129,-0.144,Landsat-8 OLI,12.3,SYNTHETIC_PLACEHOLDER,"Demo spectral indices for Ranipet, 2005-07. Replace with real Sentinel-2/Landsat analysis."
Ranipet,2005,8,2005-08-15,0.661,0.338,-0.113,Sentinel-2A MSI,3.7,SYNTHETIC_PLACEHOLDER,"Demo spectral indices for Ranipet, 2005-08. Replace with real Sentinel-2/Landsat analysis."
Ranipet,2005,9,2005-09-15,0.718,0.315,-0.198,Landsat-7 ETM+,7.1,SYNTHETIC_PLACEHOLDER,"Demo spectral indices for Ranipet, 2005-09. Replace with real Sentinel-2/Landsat analysis."
Ranipet,2005,10,2005-10-15,0.636,0.026,0.096,Landsat-5 TM,11.2,SYNTHETIC_PLACEHOLDER,"Demo spectral indices for Ranipet, 2005-10. Replace with real Sentinel-2/Landsat analysis."
Ranipet,2005,11,2005-11-15,0.422,0.137,-0.086,Landsat-8 OLI,13.3,SYNTHETIC_PLACEHOLDER,"Demo spectral indices for Ranipet, 2005-11. Replace with real Sentinel-2/Landsat analysis."
Ranipet,2005,12,2005-12-15,0.495,-0.121,0.098,Landsat-8 OLI,0.2,SYNTHETIC_PLACEHOLDER,"Demo spectral indices for Ranipet, 2005-12. Replace with real Sentinel-2/Landsat analysis."
Ranipet,2011,1,2011-01-15,0.517,-0.123,-0.116,Landsat-5 TM,8.7,SYNTHETIC_PLACEHOLDER,"Demo spectral indices for Ranipet, 2011-01. Replace with real Sentinel-2/Landsat analysis."
Ranipet,2011,2,2011-02-15,0.507,-0.292,0.174,Landsat-7 ETM+,2.4,SYNTHETIC_PLACEHOLDER,"Demo spectral indices for Ranipet, 2011-02. Replace with real Sentinel-2/Landsat analysis."
Ranipet,2011,3,2011-03-15,0.18,0.252,0.298,Landsat-5 TM,0.9,SYNTHETIC_PLACEHOLDER,"Demo spectral indices for Ranipet, 2011-03. Replace with real Sentinel-2/Landsat analysis."
Ranipet,2011,4,2011-04-15,0.299,0.154,-0.181,Landsat-7 ETM+,4.8,SYNTHETIC_PLACEHOLDER,"Demo spectral indices for Ranipet, 2011-04. Replace with real Sentinel-2/Landsat analysis."
Ranipet,2011,5,2011-05-15,0.276,-0.157,0.24,Landsat-7 ETM+,0.3,SYNTHETIC_PLACEHOLDER,"Demo spectral indices for Ranipet, 2011-05. Replace with real Sentinel-2/Landsat analysis."
Ranipet,2011,6,2011-06-15,0.586,-0.025,-0.228,Sentinel-2A MSI,8.4,SYNTHETIC_PLACEHOLDER,"Demo spectral indices for Ranipet, 2011-06. Replace with real Sentinel-2/Landsat analysis."
Ranipet,2011,7,2011-07-15,0.612,0.197,0.049,Landsat-8 OLI,11.0,SYNTHETIC_PLACEHOLDER,"Demo spectral indices for Ranipet, 2011-07. Replace with real Sentinel-2/Landsat analysis."
Ranipet,2011,8,2011-08-15,0.566,0.44,0.055,Landsat-5 TM,8.0,SYNTHETIC_PLACEHOLDER,"Demo spectral indices for Ranipet, 2011-08. Replace with real Sentinel-2/Landsat analysis."
Ranipet,2011,9,2011-09-15,0.617,0.179,-0.0,Sentinel-2B MSI,5.7,SYNTHETIC_PLACEHOLDER,"Demo spectral indices for Ranipet, 2011-09. Replace with real Sentinel-2/Landsat analysis."
Ranipet,2011,10,2011-10-15,0.458,0.4,0.177,Landsat-7 ETM+,4.8,SYNTHETIC_PLACEHOLDER,"Demo spectral indices for Ranipet, 2011-10. Replace with real Sentinel-2/Landsat analysis."
Ranipet,2011,11,2011-11-15,0.409,0.373,-0.146,Sentinel-2A MSI,11.5,SYNTHETIC_PLACEHOLDER,"Demo spectral indices for Ranipet, 2011-11. Replace with real Sentinel-2/Landsat analysis."
Ranipet,2011,12,2011-12-15,0.359,0.087,-0.073,Landsat-5 TM,7.8,SYNTHETIC_PLACEHOLDER,"Demo spectral indices for Ranipet, 2011-12. Replace with real Sentinel-2/Landsat analysis."
Ranipet,2015,1,2015-01-15,0.397,-0.309,0.23,Landsat-7 ETM+,1.6,SYNTHETIC_PLACEHOLDER,"Demo spectral indices for Ranipet, 2015-01. Replace with real Sentinel-2/Landsat analysis."
Ranipet,2015,2,2015-02-15,0.342,0.049,-0.036,Sentinel-2A MSI,7.9,SYNTHETIC_PLACEHOLDER,"Demo spectral indices for Ranipet, 2015-02. Replace with real Sentinel-2/Landsat analysis."
Ranipet,2015,3,2015-03-15,0.266,-0.144,0.083,Landsat-5 TM,0.2,SYNTHETIC_PLACEHOLDER,"Demo spectral indices for Ranipet, 2015-03. Replace with real Sentinel-2/Landsat analysis."
Ranipet,2015,4,2015-04-15,0.35,0.25,0.208,Sentinel-2A MSI,12.0,SYNTHETIC_PLACEHOLDER,"Demo spectral indices for Ranipet, 2015-04. Replace with real Sentinel-2/Landsat analysis."
Ranipet,2015,5,2015-05-15,0.168,0.257,-0.021,Landsat-8 OLI,11.9,SYNTHETIC_PLACEHOLDER,"Demo spectral indices for Ranipet, 2015-05. Replace with real Sentinel-2/Landsat analysis."
Ranipet,2015,6,2015-06-15,0.479,0.17,0.154,Landsat-8 OLI,1.2,SYNTHETIC_PLACEHOLDER,"Demo spectral indices for Ranipet, 2015-06. Replace with real Sentinel-2/Landsat analysis."
Ranipet,2015,7,2015-07-15,0.517,-0.129,-0.123,Sentinel-2A MSI,2.8,SYNTHETIC_PLACEHOLDER,"Demo spectral indices for Ranipet, 2015-07. Replace with real Sentinel-2/Landsat analysis."
Ranipet,2015,8,2015-08-15,0.583,0.238,-0.152,Sentinel-2B MSI,6.2,SYNTHETIC_PLACEHOLDER,"Demo spectral indices for Ranipet, 2015-08. Replace with real Sentinel-2/Landsat analysis."
Ranipet,2015,9,2015-09-15,0.496,0.051,0.002,Sentinel-2A MSI,13.2,SYNTHETIC_PLACEHOLDER,"Demo spectral indices for Ranipet, 2015-09. Replace with real Sentinel-2/Landsat analysis."
Ranipet,2015,10,2015-10-15,0.468,0.081,-0.064,Landsat-7 ETM+,8.0,SYNTHETIC_PLACEHOLDER,"Demo spectral indices for Ranipet, 2015-10. Replace with real Sentinel-2/Landsat analysis."
Ranipet,2015,11,2015-11-15,0.513,0.432,0.053,Landsat-8 OLI,12.7,SYNTHETIC_PLACEHOLDER,"Demo spectral indices for Ranipet, 2015-11. Replace with real Sentinel-2/Landsat analysis."
Ranipet,2015,12,2015-12-15,0.446,0.378,-0.072,Landsat-7 ETM+,8.4,SYNTHETIC_PLACEHOLDER,"Demo spectral indices for Ranipet, 2015-12. Replace with real Sentinel-2/Landsat analysis."
Salem,2005,1,2005-01-15,0.419,0.248,-0.01,Sentinel-2A MSI,6.7,SYNTHETIC_PLACEHOLDER,"Demo spectral indices for Salem, 2005-01. Replace with real Sentinel-2/Landsat analysis."
Salem,2005,2,2005-02-15,0.452,0.288,0.178,Sentinel-2B MSI,2.0,SYNTHETIC_PLACEHOLDER,"Demo spectral indices for Salem, 2005-02. Replace with real Sentinel-2/Landsat analysis."
Salem,2005,3,2005-03-15,0.279,0.289,-0.032,Landsat-8 OLI,0.3,SYNTHETIC_PLACEHOLDER,"Demo spectral indices for Salem, 2005-03. Replace with real Sentinel-2/Landsat analysis."
Salem,2005,4,2005-04-15,0.333,-0.207,0.155,Sentinel-2B MSI,8.6,SYNTHETIC_PLACEHOLDER,"Demo spectral indices for Salem, 2005-04. Replace with real Sentinel-2/Landsat analysis."
Salem,2005,5,2005-05-15,0.224,-0.078,-0.064,Landsat-8 OLI,5.5,SYNTHETIC_PLACEHOLDER,"Demo spectral indices for Salem, 2005-05. Replace with real Sentinel-2/Landsat analysis."
Salem,2005,6,2005-06-15,0.598,0.368,-0.099,Sentinel-2A MSI,8.5,SYNTHETIC_PLACEHOLDER,"Demo spectral indices for Salem, 2005-06. Replace with real Sentinel-2/Landsat analysis."
Salem,2005,7,2005-07-15,0.473,0.027,0.115,Sentinel-2A MSI,12.4,SYNTHETIC_PLACEHOLDER,"Demo spectral indices for Salem, 2005-07. Replace with real Sentinel-2/Landsat analysis."
Salem,2005,8,2005-08-15,0.665,0.435,0.177,Landsat-8 OLI,0.6,SYNTHETIC_PLACEHOLDER,"Demo spectral indices for Salem, 2005-08. Replace with real Sentinel-2/Landsat analysis."
Salem,2005,9,2005-09-15,0.681,0.346,0.357,Landsat-8 OLI,5.2,SYNTHETIC_PLACEHOLDER,"Demo spectral indices for Salem, 2005-09. Replace with real Sentinel-2/Landsat analysis."
Salem,2005,10,2005-10-15,0.687,0.407,0.328,Landsat-7 ETM+,11.2,SYNTHETIC_PLACEHOLDER,"Demo spectral indices for Salem, 2005-10. Replace with real Sentinel-2/Landsat analysis."
Salem,2005,11,2005-11-15,0.563,0.244,0.198,Landsat-5 TM,4.6,SYNTHETIC_PLACEHOLDER,"Demo spectral indices for Salem, 2005-11. Replace with real Sentinel-2/Landsat analysis."
Salem,2005,12,2005-12-15,0.362,-0.095,0.126,Landsat-7 ETM+,2.3,SYNTHETIC_PLACEHOLDER,"Demo spectral indices for Salem, 2005-12. Replace with real Sentinel-2/Landsat analysis."
Salem,2011,1,2011-01-15,0.534,0.28,0.264,Sentinel-2B MSI,7.6,SYNTHETIC_PLACEHOLDER,"Demo spectral indices for Salem, 2011-01. Replace with real Sentinel-2/Landsat analysis."
Salem,2011,2,2011-02-15,0.373,-0.124,-0.077,Landsat-5 TM,7.1,SYNTHETIC_PLACEHOLDER,"Demo spectral indices for Salem, 2011-02. Replace with real Sentinel-2/Landsat analysis."
Salem,2011,3,2011-03-15,0.304,-0.216,0.069,Sentinel-2A MSI,11.6,SYNTHETIC_PLACEHOLDER,"Demo spectral indices for Salem, 2011-03. Replace with real Sentinel-2/Landsat analysis."
Salem,2011,4,2011-04-15,0.14,-0.008,0.118,Sentinel-2B MSI,2.9,SYNTHETIC_PLACEHOLDER,"Demo spectral indices for Salem, 2011-04. Replace with real Sentinel-2/Landsat analysis."
Salem,2011,5,2011-05-15,0.297,-0.228,-0.111,Sentinel-2A MSI,4.9,SYNTHETIC_PLACEHOLDER,"Demo spectral indices for Salem, 2011-05. Replace with real Sentinel-2/Landsat analysis."
Salem,2011,6,2011-06-15,0.686,0.27,0.083,Landsat-8 OLI,2.9,SYNTHETIC_PLACEHOLDER,"Demo spectral indices for Salem, 2011-06. Replace with real Sentinel-2/Landsat analysis."
Salem,2011,7,2011-07-15,0.569,0.339,-0.057,Landsat-8 OLI,9.2,SYNTHETIC_PLACEHOLDER,"Demo spectral indices for Salem, 2011-07. Replace with real Sentinel-2/Landsat analysis."
Salem,2011,8,2011-08-15,0.741,-0.098,-0.125,Landsat-7 ETM+,3.0,SYNTHETIC_PLACEHOLDER,"Demo spectral indices for Salem, 2011-08. Replace with real Sentinel-2/Landsat analysis."
Salem,2011,9,2011-09-15,0.588,0.397,-0.088,Landsat-5 TM,3.6,SYNTHETIC_PLACEHOLDER,"Demo spectral indices for Salem, 2011-09. Replace with real Sentinel-2/Landsat analysis."
Salem,2011,10,2011-10-15,0.601,0.383,0.008,Landsat-8 OLI,10.4,SYNTHETIC_PLACEHOLDER,"Demo spectral indices for Salem, 2011-10. Replace with real Sentinel-2/Landsat analysis."
Salem,2011,11,2011-11-15,0.367,-0.184,-0.035,Sentinel-2B MSI,3.2,SYNTHETIC_PLACEHOLDER,"Demo spectral indices for Salem, 2011-11. Replace with real Sentinel-2/Landsat analysis."
Salem,2011,12,2011-12-15,0.484,0.184,0.193,Landsat-7 ETM+,10.4,SYNTHETIC_PLACEHOLDER,"Demo spectral indices for Salem, 2011-12. Replace with real Sentinel-2/Landsat analysis."
Salem,2015,1,2015-01-15,0.471,0.234,0.14,Landsat-8 OLI,2.6,SYNTHETIC_PLACEHOLDER,"Demo spectral indices for Salem, 2015-01. Replace with real Sentinel-2/Landsat analysis."
Salem,2015,2,2015-02-15,0.436,0.033,-0.121,Landsat-5 TM,1.0,SYNTHETIC_PLACEHOLDER,"Demo spectral indices for Salem, 2015-02. Replace with real Sentinel-2/Landsat analysis."
Salem,2015,3,2015-03-15,0.298,0.239,0.048,Landsat-5 TM,0.3,SYNTHETIC_PLACEHOLDER,"Demo spectral indices for Salem, 2015-03. Replace with real Sentinel-2/Landsat analysis."
Salem,2015,4,2015-04-15,0.338,-0.238,0.059,Landsat-5 TM,13.6,SYNTHETIC_PLACEHOLDER,"Demo spectral indices for Salem, 2015-04. Replace with real Sentinel-2/Landsat analysis."
Salem,2015,5,2015-05-15,0.257,-0.338,-0.041,Sentinel-2A MSI,8.4,SYNTHETIC_PLACEHOLDER,"Demo spectral indices for Salem, 2015-05. Replace with real Sentinel-2/Landsat analysis."
Salem,2015,6,2015-06-15,0.618,0.446,0.018,Sentinel-2A MSI,5.9,SYNTHETIC_PLACEHOLDER,"Demo spectral indices for Salem, 2015-06. Replace with real Sentinel-2/Landsat analysis."
Salem,2015,7,2015-07-15,0.482,0.046,0.194,Landsat-7 ETM+,14.9,SYNTHETIC_PLACEHOLDER,"Demo spectral indices for Salem, 2015-07. Replace with real Sentinel-2/Landsat analysis."
Salem,2015,8,2015-08-15,0.721,-0.157,-0.008,Sentinel-2A MSI,13.4,SYNTHETIC_PLACEHOLDER,"Demo spectral indices for Salem, 2015-08. Replace with real Sentinel-2/Landsat analysis."
Salem,2015,9,2015-09-15,0.647,0.188,0.004,Landsat-7 ETM+,5.1,SYNTHETIC_PLACEHOLDER,"Demo spectral indices for Salem, 2015-09. Replace with real Sentinel-2/Landsat analysis."
Salem,2015,10,2015-10-15,0.532,0.311,0.136,Sentinel-2B MSI,13.1,SYNTHETIC_PLACEHOLDER,"Demo spectral indices for Salem, 2015-10. Replace with real Sentinel-2/Landsat analysis."
Salem,2015,11,2015-11-15,0.479,0.201,0.085,Landsat-8 OLI,13.6,SYNTHETIC_PLACEHOLDER,"Demo spectral indices for Salem, 2015-11. Replace with real Sentinel-2/Landsat analysis."
Salem,2015,12,2015-12-15,0.42,-0.055,-0.074,Sentinel-2B MSI,10.3,SYNTHETIC_PLACEHOLDER,"Demo spectral indices for Salem, 2015-12. Replace with real Sentinel-2/Landsat analysis."
Sivaganga,2005,1,2005-01-15,0.354,0.082,0.244,Landsat-7 ETM+,6.5,SYNTHETIC_PLACEHOLDER,"Demo spectral indices for Sivaganga, 2005-01. Replace with real Sentinel-2/Landsat analysis."
Sivaganga,2005,2,2005-02-15,0.559,0.059,0.061,Landsat-7 ETM+,4.8,SYNTHETIC_PLACEHOLDER,"Demo spectral indices for Sivaganga, 2005-02. Replace with real Sentinel-2/Landsat analysis."
Sivaganga,2005,3,2005-03-15,0.306,-0.317,-0.075,Landsat-7 ETM+,10.9,SYNTHETIC_PLACEHOLDER,"Demo spectral indices for Sivaganga, 2005-03. Replace with real Sentinel-2/Landsat analysis."
Sivaganga,2005,4,2005-04-15,0.341,-0.11,-0.024,Sentinel-2A MSI,11.2,SYNTHETIC_PLACEHOLDER,"Demo spectral indices for Sivaganga, 2005-04. Replace with real Sentinel-2/Landsat analysis."
Sivaganga,2005,5,2005-05-15,0.328,0.117,-0.166,Landsat-7 ETM+,1.6,SYNTHETIC_PLACEHOLDER,"Demo spectral indices for Sivaganga, 2005-05. Replace with real Sentinel-2/Landsat analysis."
Sivaganga,2005,6,2005-06-15,0.532,0.228,-0.103,Sentinel-2B MSI,9.2,SYNTHETIC_PLACEHOLDER,"Demo spectral indices for Sivaganga, 2005-06. Replace with real Sentinel-2/Landsat analysis."
Sivaganga,2005,7,2005-07-15,0.602,-0.182,-0.206,Sentinel-2A MSI,2.0,SYNTHETIC_PLACEHOLDER,"Demo spectral indices for Sivaganga, 2005-07. Replace with real Sentinel-2/Landsat analysis."
Sivaganga,2005,8,2005-08-15,0.701,0.255,-0.149,Sentinel-2A MSI,7.4,SYNTHETIC_PLACEHOLDER,"Demo spectral indices for Sivaganga, 2005-08. Replace with real Sentinel-2/Landsat analysis."
Sivaganga,2005,9,2005-09-15,0.461,-0.177,0.17,Landsat-5 TM,13.9,SYNTHETIC_PLACEHOLDER,"Demo spectral indices for Sivaganga, 2005-09. Replace with real Sentinel-2/Landsat analysis."
Sivaganga,2005,10,2005-10-15,0.707,0.27,-0.138,Landsat-7 ETM+,1.0,SYNTHETIC_PLACEHOLDER,"Demo spectral indices for Sivaganga, 2005-10. Replace with real Sentinel-2/Landsat analysis."
Sivaganga,2005,11,2005-11-15,0.584,0.407,0.019,Landsat-8 OLI,13.0,SYNTHETIC_PLACEHOLDER,"Demo spectral indices for Sivaganga, 2005-11. Replace with real Sentinel-2/Landsat analysis."
Sivaganga,2005,12,2005-12-15,0.52,0.343,0.084,Sentinel-2A MSI,10.8,SYNTHETIC_PLACEHOLDER,"Demo spectral indices for Sivaganga, 2005-12. Replace with real Sentinel-2/Landsat analysis."
Sivaganga,2011,1,2011-01-15,0.473,0.0,0.045,Landsat-5 TM,7.8,SYNTHETIC_PLACEHOLDER,"Demo spectral indices for Sivaganga, 2011-01. Replace with real Sentinel-2/Landsat analysis."
Sivaganga,2011,2,2011-02-15,0.473,-0.37,0.298,Sentinel-2B MSI,8.1,SYNTHETIC_PLACEHOLDER,"Demo spectral indices for Sivaganga, 2011-02. Replace with real Sentinel-2/Landsat analysis."
Sivaganga,2011,3,2011-03-15,0.301,-0.129,0.171,Landsat-5 TM,2.8,SYNTHETIC_PLACEHOLDER,"Demo spectral indices for Sivaganga, 2011-03. Replace with real Sentinel-2/Landsat analysis."
Sivaganga,2011,4,2011-04-15,0.276,0.142,-0.093,Landsat-7 ETM+,6.3,SYNTHETIC_PLACEHOLDER,"Demo spectral indices for Sivaganga, 2011-04. Replace with real Sentinel-2/Landsat analysis."
Sivaganga,2011,5,2011-05-15,0.228,-0.038,-0.172,Sentinel-2A MSI,1.4,SYNTHETIC_PLACEHOLDER,"Demo spectral indices for Sivaganga, 2011-05. Replace with real Sentinel-2/Landsat analysis."
Sivaganga,2011,6,2011-06-15,0.568,0.21,0.242,Sentinel-2B MSI,2.0,SYNTHETIC_PLACEHOLDER,"Demo spectral indices for Sivaganga, 2011-06. Replace with real Sentinel-2/Landsat analysis."
Sivaganga,2011,7,2011-07-15,0.569,-0.075,0.075,Landsat-7 ETM+,13.2,SYNTHETIC_PLACEHOLDER,"Demo spectral indices for Sivaganga, 2011-07. Replace with real Sentinel-2/Landsat analysis."
Sivaganga,2011,8,2011-08-15,0.459,0.254,0.141,Landsat-7 ETM+,10.8,SYNTHETIC_PLACEHOLDER,"Demo spectral indices for Sivaganga, 2011-08. Replace with real Sentinel-2/Landsat analysis."
Sivaganga,2011,9,2011-09-15,0.448,0.115,-0.05,Sentinel-2B MSI,10.6,SYNTHETIC_PLACEHOLDER,"Demo spectral indices for Sivaganga, 2011-09. Replace with real Sentinel-2/Landsat analysis."
Sivaganga,2011,10,2011-10-15,0.716,0.228,-0.162,Sentinel-2B MSI,5.7,SYNTHETIC_PLACEHOLDER,"Demo spectral indices for Sivaganga, 2011-10. Replace with real Sentinel-2/Landsat analysis."
Sivaganga,2011,11,2011-11-15,0.545,0.196,0.113,Landsat-7 ETM+,2.4,SYNTHETIC_PLACEHOLDER,"Demo spectral indices for Sivaganga, 2011-11. Replace with real Sentinel-2/Landsat analysis."
Sivaganga,2011,12,2011-12-15,0.406,-0.164,-0.081,Sentinel-2A MSI,4.3,SYNTHETIC_PLACEHOLDER,"Demo spectral indices for Sivaganga, 2011-12. Replace with real Sentinel-2/Landsat analysis."
Sivaganga,2015,1,2015-01-15,0.426,0.272,-0.248,Landsat-8 OLI,0.2,SYNTHETIC_PLACEHOLDER,"Demo spectral indices for Sivaganga, 2015-01. Replace with real Sentinel-2/Landsat analysis."
Sivaganga,2015,2,2015-02-15,0.449,0.165,0.084,Sentinel-2A MSI,3.6,SYNTHETIC_PLACEHOLDER,"Demo spectral indices for Sivaganga, 2015-02. Replace with real Sentinel-2/Landsat analysis."
Sivaganga,2015,3,2015-03-15,0.265,-0.113,-0.206,Sentinel-2B MSI,0.1,SYNTHETIC_PLACEHOLDER,"Demo spectral indices for Sivaganga, 2015-03. Replace with real Sentinel-2/Landsat analysis."
Sivaganga,2015,4,2015-04-15,0.304,0.04,0.201,Landsat-7 ETM+,0.7,SYNTHETIC_PLACEHOLDER,"Demo spectral indices for Sivaganga, 2015-04. Replace with real Sentinel-2/Landsat analysis."
Sivaganga,2015,5,2015-05-15,0.195,-0.374,0.22,Sentinel-2B MSI,12.6,SYNTHETIC_PLACEHOLDER,"Demo spectral indices for Sivaganga, 2015-05. Replace with real Sentinel-2/Landsat analysis."
Sivaganga,2015,6,2015-06-15,0.582,-0.166,-0.021,Landsat-7 ETM+,2.4,SYNTHETIC_PLACEHOLDER,"Demo spectral indices for Sivaganga, 2015-06. Replace with real Sentinel-2/Landsat analysis."
Sivaganga,2015,7,2015-07-15,0.551,0.29,0.065,Sentinel-2B MSI,2.7,SYNTHETIC_PLACEHOLDER,"Demo spectral indices for Sivaganga, 2015-07. Replace with real Sentinel-2/Landsat analysis."
Sivaganga,2015,8,2015-08-15,0.594,0.452,-0.199,Landsat-8 OLI,4.8,SYNTHETIC_PLACEHOLDER,"Demo spectral indices for Sivaganga, 2015-08. Replace with real Sentinel-2/Landsat analysis."
Sivaganga,2015,9,2015-09-15,0.751,0.331,0.214,Landsat-5 TM,4.4,SYNTHETIC_PLACEHOLDER,"Demo spectral indices for Sivaganga, 2015-09. Replace with real Sentinel-2/Landsat analysis."
Sivaganga,2015,10,2015-10-15,0.51,-0.008,0.04,Sentinel-2B MSI,3.1,SYNTHETIC_PLACEHOLDER,"Demo spectral indices for Sivaganga, 2015-10. Replace with real Sentinel-2/Landsat analysis."
Sivaganga,2015,11,2015-11-15,0.348,0.2,0.289,Sentinel-2B MSI,14.8,SYNTHETIC_PLACEHOLDER,"Demo spectral indices for Sivaganga, 2015-11. Replace with real Sentinel-2/Landsat analysis."
Sivaganga,2015,12,2015-12-15,0.466,0.454,0.292,Landsat-8 OLI,6.4,SYNTHETIC_PLACEHOLDER,"Demo spectral indices for Sivaganga, 2015-12. Replace with real Sentinel-2/Landsat analysis."
Tenkasi,2005,1,2005-01-15,0.496,0.003,0.093,Landsat-7 ETM+,9.2,SYNTHETIC_PLACEHOLDER,"Demo spectral indices for Tenkasi, 2005-01. Replace with real Sentinel-2/Landsat analysis."
Tenkasi,2005,2,2005-02-15,0.472,-0.052,0.194,Sentinel-2B MSI,3.5,SYNTHETIC_PLACEHOLDER,"Demo spectral indices for Tenkasi, 2005-02. Replace with real Sentinel-2/Landsat analysis."
Tenkasi,2005,3,2005-03-15,0.177,-0.317,0.006,Landsat-5 TM,11.1,SYNTHETIC_PLACEHOLDER,"Demo spectral indices for Tenkasi, 2005-03. Replace with real Sentinel-2/Landsat analysis."
Tenkasi,2005,4,2005-04-15,0.203,-0.11,-0.225,Landsat-8 OLI,8.4,SYNTHETIC_PLACEHOLDER,"Demo spectral indices for Tenkasi, 2005-04. Replace with real Sentinel-2/Landsat analysis."
Tenkasi,2005,5,2005-05-15,0.229,-0.259,-0.095,Landsat-5 TM,4.6,SYNTHETIC_PLACEHOLDER,"Demo spectral indices for Tenkasi, 2005-05. Replace with real Sentinel-2/Landsat analysis."
Tenkasi,2005,6,2005-06-15,0.584,-0.196,0.127,Landsat-8 OLI,5.9,SYNTHETIC_PLACEHOLDER,"Demo spectral indices for Tenkasi, 2005-06. Replace with real Sentinel-2/Landsat analysis."
Tenkasi,2005,7,2005-07-15,0.667,0.382,-0.143,Landsat-8 OLI,13.8,SYNTHETIC_PLACEHOLDER,"Demo spectral indices for Tenkasi, 2005-07. Replace with real Sentinel-2/Landsat analysis."
Tenkasi,2005,8,2005-08-15,0.591,-0.175,-0.175,Landsat-7 ETM+,9.4,SYNTHETIC_PLACEHOLDER,"Demo spectral indices for Tenkasi, 2005-08. Replace with real Sentinel-2/Landsat analysis."
Tenkasi,2005,9,2005-09-15,0.721,0.035,0.181,Sentinel-2A MSI,13.9,SYNTHETIC_PLACEHOLDER,"Demo spectral indices for Tenkasi, 2005-09. Replace with real Sentinel-2/Landsat analysis."
Tenkasi,2005,10,2005-10-15,0.469,0.195,0.123,Sentinel-2B MSI,8.0,SYNTHETIC_PLACEHOLDER,"Demo spectral indices for Tenkasi, 2005-10. Replace with real Sentinel-2/Landsat analysis."
Tenkasi,2005,11,2005-11-15,0.41,0.36,0.238,Landsat-8 OLI,1.0,SYNTHETIC_PLACEHOLDER,"Demo spectral indices for Tenkasi, 2005-11. Replace with real Sentinel-2/Landsat analysis."
Tenkasi,2005,12,2005-12-15,0.414,0.037,-0.044,Sentinel-2B MSI,12.6,SYNTHETIC_PLACEHOLDER,"Demo spectral indices for Tenkasi, 2005-12. Replace with real Sentinel-2/Landsat analysis."
Tenkasi,2011,1,2011-01-15,0.453,0.017,0.226,Landsat-8 OLI,10.6,SYNTHETIC_PLACEHOLDER,"Demo spectral indices for Tenkasi, 2011-01. Replace with real Sentinel-2/Landsat analysis."
Tenkasi,2011,2,2011-02-15,0.366,-0.11,0.023,Landsat-7 ETM+,5.6,SYNTHETIC_PLACEHOLDER,"Demo spectral indices for Tenkasi, 2011-02. Replace with real Sentinel-2/Landsat analysis."
Tenkasi,2011,3,2011-03-15,0.296,-0.032,-0.154,Landsat-8 OLI,11.8,SYNTHETIC_PLACEHOLDER,"Demo spectral indices for Tenkasi, 2011-03. Replace with real Sentinel-2/Landsat analysis."
Tenkasi,2011,4,2011-04-15,0.347,-0.089,-0.236,Sentinel-2A MSI,13.6,SYNTHETIC_PLACEHOLDER,"Demo spectral indices for Tenkasi, 2011-04. Replace with real Sentinel-2/Landsat analysis."
Tenkasi,2011,5,2011-05-15,0.165,-0.062,0.231,Landsat-8 OLI,11.6,SYNTHETIC_PLACEHOLDER,"Demo spectral indices for Tenkasi, 2011-05. Replace with real Sentinel-2/Landsat analysis."
Tenkasi,2011,6,2011-06-15,0.53,0.375,0.266,Landsat-7 ETM+,3.1,SYNTHETIC_PLACEHOLDER,"Demo spectral indices for Tenkasi, 2011-06. Replace with real Sentinel-2/Landsat analysis."
Tenkasi,2011,7,2011-07-15,0.45,0.405,-0.186,Landsat-8 OLI,14.0,SYNTHETIC_PLACEHOLDER,"Demo spectral indices for Tenkasi, 2011-07. Replace with real Sentinel-2/Landsat analysis."
Tenkasi,2011,8,2011-08-15,0.666,-0.139,0.007,Landsat-5 TM,1.5,SYNTHETIC_PLACEHOLDER,"Demo spectral indices for Tenkasi, 2011-08. Replace with real Sentinel-2/Landsat analysis."
Tenkasi,2011,9,2011-09-15,0.704,-0.184,0.167,Landsat-7 ETM+,4.8,SYNTHETIC_PLACEHOLDER,"Demo spectral indices for Tenkasi, 2011-09. Replace with real Sentinel-2/Landsat analysis."
Tenkasi,2011,10,2011-10-15,0.485,0.023,-0.007,Landsat-5 TM,4.1,SYNTHETIC_PLACEHOLDER,"Demo spectral indices for Tenkasi, 2011-10. Replace with real Sentinel-2/Landsat analysis."
Tenkasi,2011,11,2011-11-15,0.343,0.471,0.058,Landsat-5 TM,3.1,SYNTHETIC_PLACEHOLDER,"Demo spectral indices for Tenkasi, 2011-11. Replace with real Sentinel-2/Landsat analysis."
Tenkasi,2011,12,2011-12-15,0.402,-0.101,0.137,Landsat-8 OLI,8.6,SYNTHETIC_PLACEHOLDER,"Demo spectral indices for Tenkasi, 2011-12. Replace with real Sentinel-2/Landsat analysis."
Tenkasi,2015,1,2015-01-15,0.365,0.225,0.047,Landsat-5 TM,2.0,SYNTHETIC_PLACEHOLDER,"Demo spectral indices for Tenkasi, 2015-01. Replace with real Sentinel-2/Landsat analysis."
Tenkasi,2015,2,2015-02-15,0.462,-0.326,-0.22,Sentinel-2A MSI,5.9,SYNTHETIC_PLACEHOLDER,"Demo spectral indices for Tenkasi, 2015-02. Replace with real Sentinel-2/Landsat analysis."
Tenkasi,2015,3,2015-03-15,0.33,0.041,0.13,Sentinel-2A MSI,9.2,SYNTHETIC_PLACEHOLDER,"Demo spectral indices for Tenkasi, 2015-03. Replace with real Sentinel-2/Landsat analysis."
Tenkasi,2015,4,2015-04-15,0.244,0.099,0.119,Sentinel-2B MSI,1.2,SYNTHETIC_PLACEHOLDER,"Demo spectral indices for Tenkasi, 2015-04. Replace with real Sentinel-2/Landsat analysis."
Tenkasi,2015,5,2015-05-15,0.361,-0.003,-0.199,Sentinel-2A MSI,1.5,SYNTHETIC_PLACEHOLDER,"Demo spectral indices for Tenkasi, 2015-05. Replace with real Sentinel-2/Landsat analysis."
Tenkasi,2015,6,2015-06-15,0.558,0.337,0.009,Landsat-7 ETM+,2.2,SYNTHETIC_PLACEHOLDER,"Demo spectral indices for Tenkasi, 2015-06. Replace with real Sentinel-2/Landsat analysis."
Tenkasi,2015,7,2015-07-15,0.695,0.054,-0.149,Landsat-8 OLI,11.8,SYNTHETIC_PLACEHOLDER,"Demo spectral indices for Tenkasi, 2015-07. Replace with real Sentinel-2/Landsat analysis."
Tenkasi,2015,8,2015-08-15,0.71,-0.179,0.011,Landsat-8 OLI,7.2,SYNTHETIC_PLACEHOLDER,"Demo spectral indices for Tenkasi, 2015-08. Replace with real Sentinel-2/Landsat analysis."
Tenkasi,2015,9,2015-09-15,0.682,0.044,0.066,Sentinel-2B MSI,1.5,SYNTHETIC_PLACEHOLDER,"Demo spectral indices for Tenkasi, 2015-09. Replace with real Sentinel-2/Landsat analysis."
Tenkasi,2015,10,2015-10-15,0.725,0.028,0.107,Landsat-8 OLI,8.0,SYNTHETIC_PLACEHOLDER,"Demo spectral indices for Tenkasi, 2015-10. Replace with real Sentinel-2/Landsat analysis."
Tenkasi,2015,11,2015-11-15,0.422,0.235,0.051,Sentinel-2A MSI,5.8,SYNTHETIC_PLACEHOLDER,"Demo spectral indices for Tenkasi, 2015-11. Replace with real Sentinel-2/Landsat analysis."
Tenkasi,2015,12,2015-12-15,0.45,0.214,0.181,Sentinel-2A MSI,8.5,SYNTHETIC_PLACEHOLDER,"Demo spectral indices for Tenkasi, 2015-12. Replace with real Sentinel-2/Landsat analysis."
Thanjavur,2005,1,2005-01-15,0.438,-0.279,0.118,Sentinel-2B MSI,12.6,SYNTHETIC_PLACEHOLDER,"Demo spectral indices for Thanjavur, 2005-01. Replace with real Sentinel-2/Landsat analysis."
Thanjavur,2005,2,2005-02-15,0.382,-0.172,-0.196,Sentinel-2A MSI,2.6,SYNTHETIC_PLACEHOLDER,"Demo spectral indices for Thanjavur, 2005-02. Replace with real Sentinel-2/Landsat analysis."
Thanjavur,2005,3,2005-03-15,0.298,-0.324,0.198,Sentinel-2A MSI,4.9,SYNTHETIC_PLACEHOLDER,"Demo spectral indices for Thanjavur, 2005-03. Replace with real Sentinel-2/Landsat analysis."
Thanjavur,2005,4,2005-04-15,0.235,-0.248,-0.174,Sentinel-2B MSI,13.5,SYNTHETIC_PLACEHOLDER,"Demo spectral indices for Thanjavur, 2005-04. Replace with real Sentinel-2/Landsat analysis."
Thanjavur,2005,5,2005-05-15,0.227,-0.297,-0.168,Sentinel-2B MSI,4.4,SYNTHETIC_PLACEHOLDER,"Demo spectral indices for Thanjavur, 2005-05. Replace with real Sentinel-2/Landsat analysis."
Thanjavur,2005,6,2005-06-15,0.629,-0.056,0.233,Landsat-8 OLI,8.6,SYNTHETIC_PLACEHOLDER,"Demo spectral indices for Thanjavur, 2005-06. Replace with real Sentinel-2/Landsat analysis."
Thanjavur,2005,7,2005-07-15,0.704,0.46,-0.011,Landsat-8 OLI,14.9,SYNTHETIC_PLACEHOLDER,"Demo spectral indices for Thanjavur, 2005-07. Replace with real Sentinel-2/Landsat analysis."
Thanjavur,2005,8,2005-08-15,0.636,0.157,0.216,Landsat-8 OLI,0.9,SYNTHETIC_PLACEHOLDER,"Demo spectral indices for Thanjavur, 2005-08. Replace with real Sentinel-2/Landsat analysis."
Thanjavur,2005,9,2005-09-15,0.767,-0.199,0.058,Landsat-8 OLI,1.6,SYNTHETIC_PLACEHOLDER,"Demo spectral indices for Thanjavur, 2005-09. Replace with real Sentinel-2/Landsat analysis."
Thanjavur,2005,10,2005-10-15,0.488,0.102,0.075,Landsat-8 OLI,10.7,SYNTHETIC_PLACEHOLDER,"Demo spectral indices for Thanjavur, 2005-10. Replace with real Sentinel-2/Landsat analysis."
Thanjavur,2005,11,2005-11-15,0.425,-0.052,-0.155,Landsat-7 ETM+,2.8,SYNTHETIC_PLACEHOLDER,"Demo spectral indices for Thanjavur, 2005-11. Replace with real Sentinel-2/Landsat analysis."
Thanjavur,2005,12,2005-12-15,0.469,0.388,-0.165,Landsat-7 ETM+,2.0,SYNTHETIC_PLACEHOLDER,"Demo spectral indices for Thanjavur, 2005-12. Replace with real Sentinel-2/Landsat analysis."
Thanjavur,2011,1,2011-01-15,0.316,0.105,0.018,Sentinel-2A MSI,14.6,SYNTHETIC_PLACEHOLDER,"Demo spectral indices for Thanjavur, 2011-01. Replace with real Sentinel-2/Landsat analysis."
Thanjavur,2011,2,2011-02-15,0.341,0.164,0.223,Sentinel-2B MSI,14.0,SYNTHETIC_PLACEHOLDER,"Demo spectral indices for Thanjavur, 2011-02. Replace with real Sentinel-2/Landsat analysis."
Thanjavur,2011,3,2011-03-15,0.27,-0.103,0.201,Sentinel-2A MSI,5.3,SYNTHETIC_PLACEHOLDER,"Demo spectral indices for Thanjavur, 2011-03. Replace with real Sentinel-2/Landsat analysis."
Thanjavur,2011,4,2011-04-15,0.198,0.005,0.216,Landsat-7 ETM+,10.7,SYNTHETIC_PLACEHOLDER,"Demo spectral indices for Thanjavur, 2011-04. Replace with real Sentinel-2/Landsat analysis."
Thanjavur,2011,5,2011-05-15,0.247,0.003,-0.232,Landsat-5 TM,8.5,SYNTHETIC_PLACEHOLDER,"Demo spectral indices for Thanjavur, 2011-05. Replace with real Sentinel-2/Landsat analysis."
Thanjavur,2011,6,2011-06-15,0.623,0.137,0.13,Landsat-7 ETM+,11.0,SYNTHETIC_PLACEHOLDER,"Demo spectral indices for Thanjavur, 2011-06. Replace with real Sentinel-2/Landsat analysis."
Thanjavur,2011,7,2011-07-15,0.644,0.325,-0.096,Sentinel-2B MSI,1.2,SYNTHETIC_PLACEHOLDER,"Demo spectral indices for Thanjavur, 2011-07. Replace with real Sentinel-2/Landsat analysis."
Thanjavur,2011,8,2011-08-15,0.676,0.131,0.158,Landsat-5 TM,10.3,SYNTHETIC_PLACEHOLDER,"Demo spectral indices for Thanjavur, 2011-08. Replace with real Sentinel-2/Landsat analysis."
Thanjavur,2011,9,2011-09-15,0.62,0.229,0.247,Sentinel-2B MSI,11.7,SYNTHETIC_PLACEHOLDER,"Demo spectral indices for Thanjavur, 2011-09. Replace with real Sentinel-2/Landsat analysis."
Thanjavur,2011,10,2011-10-15,0.592,0.128,0.154,Sentinel-2A MSI,5.3,SYNTHETIC_PLACEHOLDER,"Demo spectral indices for Thanjavur, 2011-10. Replace with real Sentinel-2/Landsat analysis."
Thanjavur,2011,11,2011-11-15,0.525,-0.083,0.132,Sentinel-2B MSI,11.2,SYNTHETIC_PLACEHOLDER,"Demo spectral indices for Thanjavur, 2011-11. Replace with real Sentinel-2/Landsat analysis."
Thanjavur,2011,12,2011-12-15,0.502,-0.157,0.01,Landsat-7 ETM+,8.6,SYNTHETIC_PLACEHOLDER,"Demo spectral indices for Thanjavur, 2011-12. Replace with real Sentinel-2/Landsat analysis."
Thanjavur,2015,1,2015-01-15,0.46,0.116,-0.235,Sentinel-2A MSI,1.2,SYNTHETIC_PLACEHOLDER,"Demo spectral indices for Thanjavur, 2015-01. Replace with real Sentinel-2/Landsat analysis."
Thanjavur,2015,2,2015-02-15,0.486,-0.206,-0.177,Landsat-8 OLI,4.1,SYNTHETIC_PLACEHOLDER,"Demo spectral indices for Thanjavur, 2015-02. Replace with real Sentinel-2/Landsat analysis."
Thanjavur,2015,3,2015-03-15,0.226,0.023,0.251,Landsat-7 ETM+,9.9,SYNTHETIC_PLACEHOLDER,"Demo spectral indices for Thanjavur, 2015-03. Replace with real Sentinel-2/Landsat analysis."
Thanjavur,2015,4,2015-04-15,0.191,0.148,-0.12,Landsat-7 ETM+,12.0,SYNTHETIC_PLACEHOLDER,"Demo spectral indices for Thanjavur, 2015-04. Replace with real Sentinel-2/Landsat analysis."
Thanjavur,2015,5,2015-05-15,0.307,-0.341,-0.17,Landsat-7 ETM+,12.6,SYNTHETIC_PLACEHOLDER,"Demo spectral indices for Thanjavur, 2015-05. Replace with real Sentinel-2/Landsat analysis."
Thanjavur,2015,6,2015-06-15,0.667,0.068,0.113,Landsat-7 ETM+,3.2,SYNTHETIC_PLACEHOLDER,"Demo spectral indices for Thanjavur, 2015-06. Replace with real Sentinel-2/Landsat analysis."
Thanjavur,2015,7,2015-07-15,0.655,0.25,0.166,Landsat-5 TM,0.8,SYNTHETIC_PLACEHOLDER,"Demo spectral indices for Thanjavur, 2015-07. Replace with real Sentinel-2/Landsat analysis."
Thanjavur,2015,8,2015-08-15,0.587,0.133,0.272,Sentinel-2B MSI,3.5,SYNTHETIC_PLACEHOLDER,"Demo spectral indices for Thanjavur, 2015-08. Replace with real Sentinel-2/Landsat analysis."
Thanjavur,2015,9,2015-09-15,0.644,-0.016,0.042,Sentinel-2A MSI,0.2,SYNTHETIC_PLACEHOLDER,"Demo spectral indices for Thanjavur, 2015-09. Replace with real Sentinel-2/Landsat analysis."
Thanjavur,2015,10,2015-10-15,0.723,0.275,0.279,Landsat-5 TM,1.5,SYNTHETIC_PLACEHOLDER,"Demo spectral indices for Thanjavur, 2015-10. Replace with real Sentinel-2/Landsat analysis."
Thanjavur,2015,11,2015-11-15,0.442,0.391,0.086,Landsat-8 OLI,5.0,SYNTHETIC_PLACEHOLDER,"Demo spectral indices for Thanjavur, 2015-11. Replace with real Sentinel-2/Landsat analysis."
Thanjavur,2015,12,2015-12-15,0.363,0.258,-0.035,Landsat-7 ETM+,11.0,SYNTHETIC_PLACEHOLDER,"Demo spectral indices for Thanjavur, 2015-12. Replace with real Sentinel-2/Landsat analysis."
Theni,2005,1,2005-01-15,0.437,-0.164,0.13,Landsat-7 ETM+,4.7,SYNTHETIC_PLACEHOLDER,"Demo spectral indices for Theni, 2005-01. Replace with real Sentinel-2/Landsat analysis."
Theni,2005,2,2005-02-15,0.303,-0.352,-0.024,Sentinel-2B MSI,1.6,SYNTHETIC_PLACEHOLDER,"Demo spectral indices for Theni, 2005-02. Replace with real Sentinel-2/Landsat analysis."
Theni,2005,3,2005-03-15,0.211,-0.202,-0.144,Landsat-5 TM,9.3,SYNTHETIC_PLACEHOLDER,"Demo spectral indices for Theni, 2005-03. Replace with real Sentinel-2/Landsat analysis."
Theni,2005,4,2005-04-15,0.171,0.226,-0.131,Sentinel-2B MSI,9.6,SYNTHETIC_PLACEHOLDER,"Demo spectral indices for Theni, 2005-04. Replace with real Sentinel-2/Landsat analysis."
Theni,2005,5,2005-05-15,0.254,0.2,-0.179,Sentinel-2B MSI,12.0,SYNTHETIC_PLACEHOLDER,"Demo spectral indices for Theni, 2005-05. Replace with real Sentinel-2/Landsat analysis."
Theni,2005,6,2005-06-15,0.467,-0.071,-0.088,Landsat-5 TM,9.6,SYNTHETIC_PLACEHOLDER,"Demo spectral indices for Theni, 2005-06. Replace with real Sentinel-2/Landsat analysis."
Theni,2005,7,2005-07-15,0.704,0.099,0.247,Landsat-8 OLI,3.9,SYNTHETIC_PLACEHOLDER,"Demo spectral indices for Theni, 2005-07. Replace with real Sentinel-2/Landsat analysis."
Theni,2005,8,2005-08-15,0.662,-0.156,-0.036,Landsat-5 TM,3.9,SYNTHETIC_PLACEHOLDER,"Demo spectral indices for Theni, 2005-08. Replace with real Sentinel-2/Landsat analysis."
Theni,2005,9,2005-09-15,0.662,-0.151,0.289,Landsat-7 ETM+,9.2,SYNTHETIC_PLACEHOLDER,"Demo spectral indices for Theni, 2005-09. Replace with real Sentinel-2/Landsat analysis."
Theni,2005,10,2005-10-15,0.503,-0.099,0.173,Landsat-7 ETM+,9.2,SYNTHETIC_PLACEHOLDER,"Demo spectral indices for Theni, 2005-10. Replace with real Sentinel-2/Landsat analysis."
Theni,2005,11,2005-11-15,0.365,-0.019,-0.231,Landsat-5 TM,8.6,SYNTHETIC_PLACEHOLDER,"Demo spectral indices for Theni, 2005-11. Replace with real Sentinel-2/Landsat analysis."
Theni,2005,12,2005-12-15,0.395,0.428,-0.168,Landsat-5 TM,14.0,SYNTHETIC_PLACEHOLDER,"Demo spectral indices for Theni, 2005-12. Replace with real Sentinel-2/Landsat analysis."
Theni,2011,1,2011-01-15,0.46,0.09,0.248,Sentinel-2B MSI,0.1,SYNTHETIC_PLACEHOLDER,"Demo spectral indices for Theni, 2011-01. Replace with real Sentinel-2/Landsat analysis."
Theni,2011,2,2011-02-15,0.519,-0.065,-0.028,Landsat-5 TM,8.1,SYNTHETIC_PLACEHOLDER,"Demo spectral indices for Theni, 2011-02. Replace with real Sentinel-2/Landsat analysis."
Theni,2011,3,2011-03-15,0.196,0.173,0.015,Sentinel-2B MSI,8.0,SYNTHETIC_PLACEHOLDER,"Demo spectral indices for Theni, 2011-03. Replace with real Sentinel-2/Landsat analysis."
Theni,2011,4,2011-04-15,0.332,-0.188,-0.22,Landsat-5 TM,5.5,SYNTHETIC_PLACEHOLDER,"Demo spectral indices for Theni, 2011-04. Replace with real Sentinel-2/Landsat analysis."
Theni,2011,5,2011-05-15,0.305,0.189,0.168,Landsat-8 OLI,9.7,SYNTHETIC_PLACEHOLDER,"Demo spectral indices for Theni, 2011-05. Replace with real Sentinel-2/Landsat analysis."
Theni,2011,6,2011-06-15,0.457,0.069,-0.145,Sentinel-2A MSI,13.4,SYNTHETIC_PLACEHOLDER,"Demo spectral indices for Theni, 2011-06. Replace with real Sentinel-2/Landsat analysis."
Theni,2011,7,2011-07-15,0.625,-0.141,0.098,Landsat-7 ETM+,2.1,SYNTHETIC_PLACEHOLDER,"Demo spectral indices for Theni, 2011-07. Replace with real Sentinel-2/Landsat analysis."
Theni,2011,8,2011-08-15,0.53,0.215,0.019,Landsat-5 TM,11.9,SYNTHETIC_PLACEHOLDER,"Demo spectral indices for Theni, 2011-08. Replace with real Sentinel-2/Landsat analysis."
Theni,2011,9,2011-09-15,0.643,0.475,0.196,Landsat-5 TM,0.6,SYNTHETIC_PLACEHOLDER,"Demo spectral indices for Theni, 2011-09. Replace with real Sentinel-2/Landsat analysis."
Theni,2011,10,2011-10-15,0.496,-0.17,-0.185,Sentinel-2B MSI,6.9,SYNTHETIC_PLACEHOLDER,"Demo spectral indices for Theni, 2011-10. Replace with real Sentinel-2/Landsat analysis."
Theni,2011,11,2011-11-15,0.523,-0.096,0.069,Landsat-5 TM,0.6,SYNTHETIC_PLACEHOLDER,"Demo spectral indices for Theni, 2011-11. Replace with real Sentinel-2/Landsat analysis."
Theni,2011,12,2011-12-15,0.394,0.13,0.255,Landsat-5 TM,3.6,SYNTHETIC_PLACEHOLDER,"Demo spectral indices for Theni, 2011-12. Replace with real Sentinel-2/Landsat analysis."
Theni,2015,1,2015-01-15,0.431,0.043,0.248,Landsat-5 TM,6.8,SYNTHETIC_PLACEHOLDER,"Demo spectral indices for Theni, 2015-01. Replace with real Sentinel-2/Landsat analysis."
Theni,2015,2,2015-02-15,0.393,0.172,-0.192,Sentinel-2A MSI,8.9,SYNTHETIC_PLACEHOLDER,"Demo spectral indices for Theni, 2015-02. Replace with real Sentinel-2/Landsat analysis."
Theni,2015,3,2015-03-15,0.229,-0.258,-0.064,Sentinel-2A MSI,4.9,SYNTHETIC_PLACEHOLDER,"Demo spectral indices for Theni, 2015-03. Replace with real Sentinel-2/Landsat analysis."
Theni,2015,4,2015-04-15,0.353,-0.304,0.21,Landsat-7 ETM+,11.5,SYNTHETIC_PLACEHOLDER,"Demo spectral indices for Theni, 2015-04. Replace with real Sentinel-2/Landsat analysis."
Theni,2015,5,2015-05-15,0.252,-0.315,-0.172,Sentinel-2A MSI,2.5,SYNTHETIC_PLACEHOLDER,"Demo spectral indices for Theni, 2015-05. Replace with real Sentinel-2/Landsat analysis."
Theni,2015,6,2015-06-15,0.527,-0.029,0.07,Landsat-7 ETM+,1.5,SYNTHETIC_PLACEHOLDER,"Demo spectral indices for Theni, 2015-06. Replace with real Sentinel-2/Landsat analysis."
Theni,2015,7,2015-07-15,0.715,0.344,-0.241,Sentinel-2A MSI,1.2,SYNTHETIC_PLACEHOLDER,"Demo spectral indices for Theni, 2015-07. Replace with real Sentinel-2/Landsat analysis."
Theni,2015,8,2015-08-15,0.495,0.295,0.077,Landsat-8 OLI,6.2,SYNTHETIC_PLACEHOLDER,"Demo spectral indices for Theni, 2015-08. Replace with real Sentinel-2/Landsat analysis."
Theni,2015,9,2015-09-15,0.719,0.285,-0.137,Landsat-8 OLI,7.8,SYNTHETIC_PLACEHOLDER,"Demo spectral indices for Theni, 2015-09. Replace with real Sentinel-2/Landsat analysis."
Theni,2015,10,2015-10-15,0.617,0.227,-0.229,Landsat-7 ETM+,10.8,SYNTHETIC_PLACEHOLDER,"Demo spectral indices for Theni, 2015-10. Replace with real Sentinel-2/Landsat analysis."
Theni,2015,11,2015-11-15,0.431,0.379,-0.084,Sentinel-2A MSI,0.1,SYNTHETIC_PLACEHOLDER,"Demo spectral indices for Theni, 2015-11. Replace with real Sentinel-2/Landsat analysis."
Theni,2015,12,2015-12-15,0.359,0.171,-0.197,Landsat-8 OLI,12.9,SYNTHETIC_PLACEHOLDER,"Demo spectral indices for Theni, 2015-12. Replace with real Sentinel-2/Landsat analysis."
Thoothukudi,2005,1,2005-01-15,0.548,-0.075,0.095,Landsat-7 ETM+,4.1,SYNTHETIC_PLACEHOLDER,"Demo spectral indices for Thoothukudi, 2005-01. Replace with real Sentinel-2/Landsat analysis."
Thoothukudi,2005,2,2005-02-15,0.418,0.08,0.283,Sentinel-2A MSI,7.5,SYNTHETIC_PLACEHOLDER,"Demo spectral indices for Thoothukudi, 2005-02. Replace with real Sentinel-2/Landsat analysis."
Thoothukudi,2005,3,2005-03-15,0.224,-0.362,-0.05,Landsat-7 ETM+,6.5,SYNTHETIC_PLACEHOLDER,"Demo spectral indices for Thoothukudi, 2005-03. Replace with real Sentinel-2/Landsat analysis."
Thoothukudi,2005,4,2005-04-15,0.247,0.131,-0.226,Landsat-5 TM,13.9,SYNTHETIC_PLACEHOLDER,"Demo spectral indices for Thoothukudi, 2005-04. Replace with real Sentinel-2/Landsat analysis."
Thoothukudi,2005,5,2005-05-15,0.214,-0.06,-0.186,Landsat-7 ETM+,10.8,SYNTHETIC_PLACEHOLDER,"Demo spectral indices for Thoothukudi, 2005-05. Replace with real Sentinel-2/Landsat analysis."
Thoothukudi,2005,6,2005-06-15,0.61,-0.061,0.122,Landsat-8 OLI,3.5,SYNTHETIC_PLACEHOLDER,"Demo spectral indices for Thoothukudi, 2005-06. Replace with real Sentinel-2/Landsat analysis."
Thoothukudi,2005,7,2005-07-15,0.456,-0.034,-0.023,Landsat-7 ETM+,5.6,SYNTHETIC_PLACEHOLDER,"Demo spectral indices for Thoothukudi, 2005-07. Replace with real Sentinel-2/Landsat analysis."
Thoothukudi,2005,8,2005-08-15,0.513,0.139,0.24,Landsat-7 ETM+,3.2,SYNTHETIC_PLACEHOLDER,"Demo spectral indices for Thoothukudi, 2005-08. Replace with real Sentinel-2/Landsat analysis."
Thoothukudi,2005,9,2005-09-15,0.601,0.061,0.002,Landsat-7 ETM+,9.5,SYNTHETIC_PLACEHOLDER,"Demo spectral indices for Thoothukudi, 2005-09. Replace with real Sentinel-2/Landsat analysis."
Thoothukudi,2005,10,2005-10-15,0.713,-0.111,0.131,Landsat-5 TM,4.2,SYNTHETIC_PLACEHOLDER,"Demo spectral indices for Thoothukudi, 2005-10. Replace with real Sentinel-2/Landsat analysis."
Thoothukudi,2005,11,2005-11-15,0.369,0.093,0.168,Landsat-7 ETM+,13.3,SYNTHETIC_PLACEHOLDER,"Demo spectral indices for Thoothukudi, 2005-11. Replace with real Sentinel-2/Landsat analysis."
Thoothukudi,2005,12,2005-12-15,0.5,0.247,0.086,Landsat-7 ETM+,8.7,SYNTHETIC_PLACEHOLDER,"Demo spectral indices for Thoothukudi, 2005-12. Replace with real Sentinel-2/Landsat analysis."
Thoothukudi,2011,1,2011-01-15,0.434,-0.112,0.037,Landsat-7 ETM+,8.9,SYNTHETIC_PLACEHOLDER,"Demo spectral indices for Thoothukudi, 2011-01. Replace with real Sentinel-2/Landsat analysis."
Thoothukudi,2011,2,2011-02-15,0.495,0.111,0.155,Landsat-7 ETM+,3.7,SYNTHETIC_PLACEHOLDER,"Demo spectral indices for Thoothukudi, 2011-02. Replace with real Sentinel-2/Landsat analysis."
Thoothukudi,2011,3,2011-03-15,0.209,0.249,0.27,Sentinel-2B MSI,13.5,SYNTHETIC_PLACEHOLDER,"Demo spectral indices for Thoothukudi, 2011-03. Replace with real Sentinel-2/Landsat analysis."
Thoothukudi,2011,4,2011-04-15,0.188,0.294,0.153,Sentinel-2B MSI,0.5,SYNTHETIC_PLACEHOLDER,"Demo spectral indices for Thoothukudi, 2011-04. Replace with real Sentinel-2/Landsat analysis."
Thoothukudi,2011,5,2011-05-15,0.254,0.159,0.202,Sentinel-2A MSI,7.4,SYNTHETIC_PLACEHOLDER,"Demo spectral indices for Thoothukudi, 2011-05. Replace with real Sentinel-2/Landsat analysis."
Thoothukudi,2011,6,2011-06-15,0.5,0.285,-0.026,Landsat-7 ETM+,2.0,SYNTHETIC_PLACEHOLDER,"Demo spectral indices for Thoothukudi, 2011-06. Replace with real Sentinel-2/Landsat analysis."
Thoothukudi,2011,7,2011-07-15,0.554,-0.136,0.014,Landsat-8 OLI,2.4,SYNTHETIC_PLACEHOLDER,"Demo spectral indices for Thoothukudi, 2011-07. Replace with real Sentinel-2/Landsat analysis."
Thoothukudi,2011,8,2011-08-15,0.595,0.209,0.287,Sentinel-2A MSI,11.6,SYNTHETIC_PLACEHOLDER,"Demo spectral indices for Thoothukudi, 2011-08. Replace with real Sentinel-2/Landsat analysis."
Thoothukudi,2011,9,2011-09-15,0.703,0.353,-0.046,Sentinel-2A MSI,10.6,SYNTHETIC_PLACEHOLDER,"Demo spectral indices for Thoothukudi, 2011-09. Replace with real Sentinel-2/Landsat analysis."
Thoothukudi,2011,10,2011-10-15,0.463,0.069,0.13,Sentinel-2B MSI,0.5,SYNTHETIC_PLACEHOLDER,"Demo spectral indices for Thoothukudi, 2011-10. Replace with real Sentinel-2/Landsat analysis."
Thoothukudi,2011,11,2011-11-15,0.412,0.462,0.048,Landsat-7 ETM+,11.8,SYNTHETIC_PLACEHOLDER,"Demo spectral indices for Thoothukudi, 2011-11. Replace with real Sentinel-2/Landsat analysis."
Thoothukudi,2011,12,2011-12-15,0.404,0.315,-0.22,Landsat-8 OLI,13.3,SYNTHETIC_PLACEHOLDER,"Demo spectral indices for Thoothukudi, 2011-12. Replace with real Sentinel-2/Landsat analysis."
Thoothukudi,2015,1,2015-01-15,0.359,0.033,-0.049,Landsat-7 ETM+,9.7,SYNTHETIC_PLACEHOLDER,"Demo spectral indices for Thoothukudi, 2015-01. Replace with real Sentinel-2/Landsat analysis."
Thoothukudi,2015,2,2015-02-15,0.497,0.142,-0.174,Landsat-8 OLI,3.6,SYNTHETIC_PLACEHOLDER,"Demo spectral indices for Thoothukudi, 2015-02. Replace with real Sentinel-2/Landsat analysis."
Thoothukudi,2015,3,2015-03-15,0.171,0.257,0.069,Landsat-7 ETM+,11.3,SYNTHETIC_PLACEHOLDER,"Demo spectral indices for Thoothukudi, 2015-03. Replace with real Sentinel-2/Landsat analysis."
Thoothukudi,2015,4,2015-04-15,0.284,0.229,0.027,Sentinel-2A MSI,4.2,SYNTHETIC_PLACEHOLDER,"Demo spectral indices for Thoothukudi, 2015-04. Replace with real Sentinel-2/Landsat analysis."
Thoothukudi,2015,5,2015-05-15,0.147,-0.06,0.04,Landsat-5 TM,7.1,SYNTHETIC_PLACEHOLDER,"Demo spectral indices for Thoothukudi, 2015-05. Replace with real Sentinel-2/Landsat analysis."
Thoothukudi,2015,6,2015-06-15,0.642,0.43,-0.001,Landsat-8 OLI,12.0,SYNTHETIC_PLACEHOLDER,"Demo spectral indices for Thoothukudi, 2015-06. Replace with real Sentinel-2/Landsat analysis."
Thoothukudi,2015,7,2015-07-15,0.764,0.459,-0.214,Sentinel-2A MSI,1.3,SYNTHETIC_PLACEHOLDER,"Demo spectral indices for Thoothukudi, 2015-07. Replace with real Sentinel-2/Landsat analysis."
Thoothukudi,2015,8,2015-08-15,0.535,0.471,-0.208,Landsat-7 ETM+,4.1,SYNTHETIC_PLACEHOLDER,"Demo spectral indices for Thoothukudi, 2015-08. Replace with real Sentinel-2/Landsat analysis."
Thoothukudi,2015,9,2015-09-15,0.659,0.412,0.036,Landsat-5 TM,4.4,SYNTHETIC_PLACEHOLDER,"Demo spectral indices for Thoothukudi, 2015-09. Replace with real Sentinel-2/Landsat analysis."
Thoothukudi,2015,10,2015-10-15,0.745,-0.108,-0.059,Sentinel-2A MSI,11.1,SYNTHETIC_PLACEHOLDER,"Demo spectral indices for Thoothukudi, 2015-10. Replace with real Sentinel-2/Landsat analysis."
Thoothukudi,2015,11,2015-11-15,0.323,-0.185,0.191,Sentinel-2B MSI,9.7,SYNTHETIC_PLACEHOLDER,"Demo spectral indices for Thoothukudi, 2015-11. Replace with real Sentinel-2/Landsat analysis."
Thoothukudi,2015,12,2015-12-15,0.417,0.252,-0.071,Sentinel-2B MSI,10.0,SYNTHETIC_PLACEHOLDER,"Demo spectral indices for Thoothukudi, 2015-12. Replace with real Sentinel-2/Landsat analysis."
Tiruchirappalli,2005,1,2005-01-15,0.461,-0.079,0.162,Landsat-8 OLI,2.6,SYNTHETIC_PLACEHOLDER,"Demo spectral indices for Tiruchirappalli, 2005-01. Replace with real Sentinel-2/Landsat analysis."
Tiruchirappalli,2005,2,2005-02-15,0.4,0.28,0.273,Landsat-5 TM,2.2,SYNTHETIC_PLACEHOLDER,"Demo spectral indices for Tiruchirappalli, 2005-02. Replace with real Sentinel-2/Landsat analysis."
Tiruchirappalli,2005,3,2005-03-15,0.252,0.033,-0.062,Sentinel-2B MSI,4.3,SYNTHETIC_PLACEHOLDER,"Demo spectral indices for Tiruchirappalli, 2005-03. Replace with real Sentinel-2/Landsat analysis."
Tiruchirappalli,2005,4,2005-04-15,0.379,0.085,0.216,Landsat-7 ETM+,2.4,SYNTHETIC_PLACEHOLDER,"Demo spectral indices for Tiruchirappalli, 2005-04. Replace with real Sentinel-2/Landsat analysis."
Tiruchirappalli,2005,5,2005-05-15,0.223,0.002,0.092,Landsat-8 OLI,2.8,SYNTHETIC_PLACEHOLDER,"Demo spectral indices for Tiruchirappalli, 2005-05. Replace with real Sentinel-2/Landsat analysis."
Tiruchirappalli,2005,6,2005-06-15,0.572,0.022,0.039,Landsat-8 OLI,6.7,SYNTHETIC_PLACEHOLDER,"Demo spectral indices for Tiruchirappalli, 2005-06. Replace with real Sentinel-2/Landsat analysis."
Tiruchirappalli,2005,7,2005-07-15,0.746,-0.115,-0.136,Sentinel-2A MSI,11.5,SYNTHETIC_PLACEHOLDER,"Demo spectral indices for Tiruchirappalli, 2005-07. Replace with real Sentinel-2/Landsat analysis."
Tiruchirappalli,2005,8,2005-08-15,0.777,-0.091,0.384,Sentinel-2B MSI,14.6,SYNTHETIC_PLACEHOLDER,"Demo spectral indices for Tiruchirappalli, 2005-08. Replace with real Sentinel-2/Landsat analysis."
Tiruchirappalli,2005,9,2005-09-15,0.57,0.132,0.009,Sentinel-2B MSI,10.0,SYNTHETIC_PLACEHOLDER,"Demo spectral indices for Tiruchirappalli, 2005-09. Replace with real Sentinel-2/Landsat analysis."
Tiruchirappalli,2005,10,2005-10-15,0.713,0.446,0.036,Landsat-5 TM,11.0,SYNTHETIC_PLACEHOLDER,"Demo spectral indices for Tiruchirappalli, 2005-10. Replace with real Sentinel-2/Landsat analysis."
Tiruchirappalli,2005,11,2005-11-15,0.494,0.186,0.019,Sentinel-2A MSI,9.3,SYNTHETIC_PLACEHOLDER,"Demo spectral indices for Tiruchirappalli, 2005-11. Replace with real Sentinel-2/Landsat analysis."
Tiruchirappalli,2005,12,2005-12-15,0.38,0.028,0.184,Landsat-7 ETM+,8.8,SYNTHETIC_PLACEHOLDER,"Demo spectral indices for Tiruchirappalli, 2005-12. Replace with real Sentinel-2/Landsat analysis."
Tiruchirappalli,2011,1,2011-01-15,0.438,-0.205,-0.138,Sentinel-2B MSI,12.7,SYNTHETIC_PLACEHOLDER,"Demo spectral indices for Tiruchirappalli, 2011-01. Replace with real Sentinel-2/Landsat analysis."
Tiruchirappalli,2011,2,2011-02-15,0.531,0.283,0.067,Sentinel-2A MSI,4.8,SYNTHETIC_PLACEHOLDER,"Demo spectral indices for Tiruchirappalli, 2011-02. Replace with real Sentinel-2/Landsat analysis."
Tiruchirappalli,2011,3,2011-03-15,0.315,0.236,0.049,Landsat-7 ETM+,10.7,SYNTHETIC_PLACEHOLDER,"Demo spectral indices for Tiruchirappalli, 2011-03. Replace with real Sentinel-2/Landsat analysis."
Tiruchirappalli,2011,4,2011-04-15,0.224,-0.391,0.04,Landsat-8 OLI,14.7,SYNTHETIC_PLACEHOLDER,"Demo spectral indices for Tiruchirappalli, 2011-04. Replace with real Sentinel-2/Landsat analysis."
Tiruchirappalli,2011,5,2011-05-15,0.284,0.109,0.094,Sentinel-2A MSI,12.1,SYNTHETIC_PLACEHOLDER,"Demo spectral indices for Tiruchirappalli, 2011-05. Replace with real Sentinel-2/Landsat analysis."
Tiruchirappalli,2011,6,2011-06-15,0.567,0.479,0.083,Sentinel-2A MSI,2.1,SYNTHETIC_PLACEHOLDER,"Demo spectral indices for Tiruchirappalli, 2011-06. Replace with real Sentinel-2/Landsat analysis."
Tiruchirappalli,2011,7,2011-07-15,0.585,-0.055,0.111,Sentinel-2B MSI,14.8,SYNTHETIC_PLACEHOLDER,"Demo spectral indices for Tiruchirappalli, 2011-07. Replace with real Sentinel-2/Landsat analysis."
Tiruchirappalli,2011,8,2011-08-15,0.516,0.329,-0.101,Sentinel-2A MSI,9.6,SYNTHETIC_PLACEHOLDER,"Demo spectral indices for Tiruchirappalli, 2011-08. Replace with real Sentinel-2/Landsat analysis."
Tiruchirappalli,2011,9,2011-09-15,0.499,0.123,0.162,Landsat-7 ETM+,3.0,SYNTHETIC_PLACEHOLDER,"Demo spectral indices for Tiruchirappalli, 2011-09. Replace with real Sentinel-2/Landsat analysis."
Tiruchirappalli,2011,10,2011-10-15,0.679,0.143,0.303,Landsat-8 OLI,12.5,SYNTHETIC_PLACEHOLDER,"Demo spectral indices for Tiruchirappalli, 2011-10. Replace with real Sentinel-2/Landsat analysis."
Tiruchirappalli,2011,11,2011-11-15,0.417,0.124,-0.135,Landsat-5 TM,2.3,SYNTHETIC_PLACEHOLDER,"Demo spectral indices for Tiruchirappalli, 2011-11. Replace with real Sentinel-2/Landsat analysis."
Tiruchirappalli,2011,12,2011-12-15,0.424,0.246,-0.082,Landsat-8 OLI,6.3,SYNTHETIC_PLACEHOLDER,"Demo spectral indices for Tiruchirappalli, 2011-12. Replace with real Sentinel-2/Landsat analysis."
Tiruchirappalli,2015,1,2015-01-15,0.467,-0.229,-0.084,Landsat-8 OLI,7.4,SYNTHETIC_PLACEHOLDER,"Demo spectral indices for Tiruchirappalli, 2015-01. Replace with real Sentinel-2/Landsat analysis."
Tiruchirappalli,2015,2,2015-02-15,0.554,-0.147,0.114,Sentinel-2A MSI,13.0,SYNTHETIC_PLACEHOLDER,"Demo spectral indices for Tiruchirappalli, 2015-02. Replace with real Sentinel-2/Landsat analysis."
Tiruchirappalli,2015,3,2015-03-15,0.273,0.086,-0.084,Sentinel-2B MSI,11.0,SYNTHETIC_PLACEHOLDER,"Demo spectral indices for Tiruchirappalli, 2015-03. Replace with real Sentinel-2/Landsat analysis."
Tiruchirappalli,2015,4,2015-04-15,0.129,0.007,-0.07,Sentinel-2A MSI,13.2,SYNTHETIC_PLACEHOLDER,"Demo spectral indices for Tiruchirappalli, 2015-04. Replace with real Sentinel-2/Landsat analysis."
Tiruchirappalli,2015,5,2015-05-15,0.143,-0.209,0.081,Landsat-8 OLI,0.7,SYNTHETIC_PLACEHOLDER,"Demo spectral indices for Tiruchirappalli, 2015-05. Replace with real Sentinel-2/Landsat analysis."
Tiruchirappalli,2015,6,2015-06-15,0.551,-0.146,-0.043,Landsat-7 ETM+,11.5,SYNTHETIC_PLACEHOLDER,"Demo spectral indices for Tiruchirappalli, 2015-06. Replace with real Sentinel-2/Landsat analysis."
Tiruchirappalli,2015,7,2015-07-15,0.596,0.026,0.024,Landsat-8 OLI,4.1,SYNTHETIC_PLACEHOLDER,"Demo spectral indices for Tiruchirappalli, 2015-07. Replace with real Sentinel-2/Landsat analysis."
Tiruchirappalli,2015,8,2015-08-15,0.646,0.174,0.043,Landsat-7 ETM+,0.2,SYNTHETIC_PLACEHOLDER,"Demo spectral indices for Tiruchirappalli, 2015-08. Replace with real Sentinel-2/Landsat analysis."
Tiruchirappalli,2015,9,2015-09-15,0.593,0.139,0.037,Landsat-7 ETM+,1.5,SYNTHETIC_PLACEHOLDER,"Demo spectral indices for Tiruchirappalli, 2015-09. Replace with real Sentinel-2/Landsat analysis."
Tiruchirappalli,2015,10,2015-10-15,0.468,-0.068,0.343,Sentinel-2B MSI,10.3,SYNTHETIC_PLACEHOLDER,"Demo spectral indices for Tiruchirappalli, 2015-10. Replace with real Sentinel-2/Landsat analysis."
Tiruchirappalli,2015,11,2015-11-15,0.575,0.299,0.236,Landsat-5 TM,6.3,SYNTHETIC_PLACEHOLDER,"Demo spectral indices for Tiruchirappalli, 2015-11. Replace with real Sentinel-2/Landsat analysis."
Tiruchirappalli,2015,12,2015-12-15,0.495,-0.108,-0.14,Landsat-8 OLI,4.7,SYNTHETIC_PLACEHOLDER,"Demo spectral indices for Tiruchirappalli, 2015-12. Replace with real Sentinel-2/Landsat analysis."
Tirunelveli,2005,1,2005-01-15,0.454,0.223,0.079,Landsat-8 OLI,2.6,SYNTHETIC_PLACEHOLDER,"Demo spectral indices for Tirunelveli, 2005-01. Replace with real Sentinel-2/Landsat analysis."
Tirunelveli,2005,2,2005-02-15,0.435,-0.317,-0.179,Landsat-7 ETM+,10.3,SYNTHETIC_PLACEHOLDER,"Demo spectral indices for Tirunelveli, 2005-02. Replace with real Sentinel-2/Landsat analysis."
Tirunelveli,2005,3,2005-03-15,0.182,0.287,-0.016,Landsat-5 TM,1.2,SYNTHETIC_PLACEHOLDER,"Demo spectral indices for Tirunelveli, 2005-03. Replace with real Sentinel-2/Landsat analysis."
Tirunelveli,2005,4,2005-04-15,0.331,-0.37,-0.191,Sentinel-2B MSI,8.9,SYNTHETIC_PLACEHOLDER,"Demo spectral indices for Tirunelveli, 2005-04. Replace with real Sentinel-2/Landsat analysis."
Tirunelveli,2005,5,2005-05-15,0.285,-0.37,-0.084,Landsat-5 TM,11.3,SYNTHETIC_PLACEHOLDER,"Demo spectral indices for Tirunelveli, 2005-05. Replace with real Sentinel-2/Landsat analysis."
Tirunelveli,2005,6,2005-06-15,0.727,-0.056,0.246,Landsat-7 ETM+,10.1,SYNTHETIC_PLACEHOLDER,"Demo spectral indices for Tirunelveli, 2005-06. Replace with real Sentinel-2/Landsat analysis."
Tirunelveli,2005,7,2005-07-15,0.423,0.322,-0.097,Sentinel-2B MSI,5.2,SYNTHETIC_PLACEHOLDER,"Demo spectral indices for Tirunelveli, 2005-07. Replace with real Sentinel-2/Landsat analysis."
Tirunelveli,2005,8,2005-08-15,0.498,0.31,-0.117,Sentinel-2B MSI,1.0,SYNTHETIC_PLACEHOLDER,"Demo spectral indices for Tirunelveli, 2005-08. Replace with real Sentinel-2/Landsat analysis."
Tirunelveli,2005,9,2005-09-15,0.722,0.17,0.144,Landsat-8 OLI,2.6,SYNTHETIC_PLACEHOLDER,"Demo spectral indices for Tirunelveli, 2005-09. Replace with real Sentinel-2/Landsat analysis."
Tirunelveli,2005,10,2005-10-15,0.627,0.308,0.258,Sentinel-2B MSI,12.8,SYNTHETIC_PLACEHOLDER,"Demo spectral indices for Tirunelveli, 2005-10. Replace with real Sentinel-2/Landsat analysis."
Tirunelveli,2005,11,2005-11-15,0.465,-0.07,0.12,Landsat-5 TM,2.7,SYNTHETIC_PLACEHOLDER,"Demo spectral indices for Tirunelveli, 2005-11. Replace with real Sentinel-2/Landsat analysis."
Tirunelveli,2005,12,2005-12-15,0.409,-0.05,-0.125,Landsat-5 TM,11.4,SYNTHETIC_PLACEHOLDER,"Demo spectral indices for Tirunelveli, 2005-12. Replace with real Sentinel-2/Landsat analysis."
Tirunelveli,2011,1,2011-01-15,0.409,-0.036,0.023,Landsat-8 OLI,10.6,SYNTHETIC_PLACEHOLDER,"Demo spectral indices for Tirunelveli, 2011-01. Replace with real Sentinel-2/Landsat analysis."
Tirunelveli,2011,2,2011-02-15,0.415,-0.17,-0.186,Landsat-8 OLI,6.9,SYNTHETIC_PLACEHOLDER,"Demo spectral indices for Tirunelveli, 2011-02. Replace with real Sentinel-2/Landsat analysis."
Tirunelveli,2011,3,2011-03-15,0.316,0.189,-0.126,Sentinel-2A MSI,4.4,SYNTHETIC_PLACEHOLDER,"Demo spectral indices for Tirunelveli, 2011-03. Replace with real Sentinel-2/Landsat analysis."
Tirunelveli,2011,4,2011-04-15,0.29,-0.351,0.213,Sentinel-2A MSI,14.1,SYNTHETIC_PLACEHOLDER,"Demo spectral indices for Tirunelveli, 2011-04. Replace with real Sentinel-2/Landsat analysis."
Tirunelveli,2011,5,2011-05-15,0.175,0.072,0.12,Sentinel-2A MSI,6.6,SYNTHETIC_PLACEHOLDER,"Demo spectral indices for Tirunelveli, 2011-05. Replace with real Sentinel-2/Landsat analysis."
Tirunelveli,2011,6,2011-06-15,0.606,-0.1,-0.03,Sentinel-2B MSI,14.7,SYNTHETIC_PLACEHOLDER,"Demo spectral indices for Tirunelveli, 2011-06. Replace with real Sentinel-2/Landsat analysis."
Tirunelveli,2011,7,2011-07-15,0.712,-0.082,-0.05,Landsat-7 ETM+,5.1,SYNTHETIC_PLACEHOLDER,"Demo spectral indices for Tirunelveli, 2011-07. Replace with real Sentinel-2/Landsat analysis."
Tirunelveli,2011,8,2011-08-15,0.678,-0.114,0.211,Sentinel-2A MSI,4.2,SYNTHETIC_PLACEHOLDER,"Demo spectral indices for Tirunelveli, 2011-08. Replace with real Sentinel-2/Landsat analysis."
Tirunelveli,2011,9,2011-09-15,0.672,-0.009,0.184,Sentinel-2A MSI,5.3,SYNTHETIC_PLACEHOLDER,"Demo spectral indices for Tirunelveli, 2011-09. Replace with real Sentinel-2/Landsat analysis."
Tirunelveli,2011,10,2011-10-15,0.695,0.491,0.031,Landsat-7 ETM+,11.5,SYNTHETIC_PLACEHOLDER,"Demo spectral indices for Tirunelveli, 2011-10. Replace with real Sentinel-2/Landsat analysis."
Tirunelveli,2011,11,2011-11-15,0.347,0.148,0.096,Landsat-7 ETM+,0.4,SYNTHETIC_PLACEHOLDER,"Demo spectral indices for Tirunelveli, 2011-11. Replace with real Sentinel-2/Landsat analysis."
Tirunelveli,2011,12,2011-12-15,0.531,0.149,-0.235,Landsat-7 ETM+,5.7,SYNTHETIC_PLACEHOLDER,"Demo spectral indices for Tirunelveli, 2011-12. Replace with real Sentinel-2/Landsat analysis."
Tirunelveli,2015,1,2015-01-15,0.451,0.035,-0.197,Landsat-5 TM,9.9,SYNTHETIC_PLACEHOLDER,"Demo spectral indices for Tirunelveli, 2015-01. Replace with real Sentinel-2/Landsat analysis."
Tirunelveli,2015,2,2015-02-15,0.453,-0.074,-0.089,Sentinel-2A MSI,7.4,SYNTHETIC_PLACEHOLDER,"Demo spectral indices for Tirunelveli, 2015-02. Replace with real Sentinel-2/Landsat analysis."
Tirunelveli,2015,3,2015-03-15,0.187,0.202,0.051,Landsat-5 TM,14.9,SYNTHETIC_PLACEHOLDER,"Demo spectral indices for Tirunelveli, 2015-03. Replace with real Sentinel-2/Landsat analysis."
Tirunelveli,2015,4,2015-04-15,0.288,-0.085,0.219,Sentinel-2A MSI,6.9,SYNTHETIC_PLACEHOLDER,"Demo spectral indices for Tirunelveli, 2015-04. Replace with real Sentinel-2/Landsat analysis."
Tirunelveli,2015,5,2015-05-15,0.162,0.202,-0.083,Landsat-7 ETM+,7.4,SYNTHETIC_PLACEHOLDER,"Demo spectral indices for Tirunelveli, 2015-05. Replace with real Sentinel-2/Landsat analysis."
Tirunelveli,2015,6,2015-06-15,0.512,0.141,-0.19,Sentinel-2A MSI,9.9,SYNTHETIC_PLACEHOLDER,"Demo spectral indices for Tirunelveli, 2015-06. Replace with real Sentinel-2/Landsat analysis."
Tirunelveli,2015,7,2015-07-15,0.663,0.133,0.22,Sentinel-2B MSI,0.8,SYNTHETIC_PLACEHOLDER,"Demo spectral indices for Tirunelveli, 2015-07. Replace with real Sentinel-2/Landsat analysis."
Tirunelveli,2015,8,2015-08-15,0.538,0.064,0.122,Landsat-8 OLI,4.8,SYNTHETIC_PLACEHOLDER,"Demo spectral indices for Tirunelveli, 2015-08. Replace with real Sentinel-2/Landsat analysis."
Tirunelveli,2015,9,2015-09-15,0.413,0.386,-0.058,Sentinel-2B MSI,0.4,SYNTHETIC_PLACEHOLDER,"Demo spectral indices for Tirunelveli, 2015-09. Replace with real Sentinel-2/Landsat analysis."
Tirunelveli,2015,10,2015-10-15,0.702,-0.132,-0.06,Landsat-8 OLI,6.2,SYNTHETIC_PLACEHOLDER,"Demo spectral indices for Tirunelveli, 2015-10. Replace with real Sentinel-2/Landsat analysis."
Tirunelveli,2015,11,2015-11-15,0.336,-0.036,-0.078,Landsat-5 TM,13.7,SYNTHETIC_PLACEHOLDER,"Demo spectral indices for Tirunelveli, 2015-11. Replace with real Sentinel-2/Landsat analysis."
Tirunelveli,2015,12,2015-12-15,0.344,0.036,-0.239,Landsat-8 OLI,0.6,SYNTHETIC_PLACEHOLDER,"Demo spectral indices for Tirunelveli, 2015-12. Replace with real Sentinel-2/Landsat analysis."
Tirupathur,2005,1,2005-01-15,0.474,-0.04,-0.018,Landsat-5 TM,10.4,SYNTHETIC_PLACEHOLDER,"Demo spectral indices for Tirupathur, 2005-01. Replace with real Sentinel-2/Landsat analysis."
Tirupathur,2005,2,2005-02-15,0.516,-0.136,-0.035,Sentinel-2B MSI,1.5,SYNTHETIC_PLACEHOLDER,"Demo spectral indices for Tirupathur, 2005-02. Replace with real Sentinel-2/Landsat analysis."
Tirupathur,2005,3,2005-03-15,0.267,-0.256,0.023,Landsat-8 OLI,2.5,SYNTHETIC_PLACEHOLDER,"Demo spectral indices for Tirupathur, 2005-03. Replace with real Sentinel-2/Landsat analysis."
Tirupathur,2005,4,2005-04-15,0.257,-0.259,0.099,Landsat-5 TM,12.6,SYNTHETIC_PLACEHOLDER,"Demo spectral indices for Tirupathur, 2005-04. Replace with real Sentinel-2/Landsat analysis."
Tirupathur,2005,5,2005-05-15,0.236,-0.367,0.298,Sentinel-2A MSI,12.1,SYNTHETIC_PLACEHOLDER,"Demo spectral indices for Tirupathur, 2005-05. Replace with real Sentinel-2/Landsat analysis."
Tirupathur,2005,6,2005-06-15,0.683,0.302,0.068,Sentinel-2B MSI,5.1,SYNTHETIC_PLACEHOLDER,"Demo spectral indices for Tirupathur, 2005-06. Replace with real Sentinel-2/Landsat analysis."
Tirupathur,2005,7,2005-07-15,0.5,0.133,-0.135,Landsat-5 TM,9.8,SYNTHETIC_PLACEHOLDER,"Demo spectral indices for Tirupathur, 2005-07. Replace with real Sentinel-2/Landsat analysis."
Tirupathur,2005,8,2005-08-15,0.571,0.103,0.047,Landsat-7 ETM+,6.2,SYNTHETIC_PLACEHOLDER,"Demo spectral indices for Tirupathur, 2005-08. Replace with real Sentinel-2/Landsat analysis."
Tirupathur,2005,9,2005-09-15,0.527,0.27,0.051,Landsat-5 TM,9.4,SYNTHETIC_PLACEHOLDER,"Demo spectral indices for Tirupathur, 2005-09. Replace with real Sentinel-2/Landsat analysis."
Tirupathur,2005,10,2005-10-15,0.574,0.149,0.113,Sentinel-2A MSI,4.0,SYNTHETIC_PLACEHOLDER,"Demo spectral indices for Tirupathur, 2005-10. Replace with real Sentinel-2/Landsat analysis."
Tirupathur,2005,11,2005-11-15,0.508,0.397,0.249,Sentinel-2B MSI,10.9,SYNTHETIC_PLACEHOLDER,"Demo spectral indices for Tirupathur, 2005-11. Replace with real Sentinel-2/Landsat analysis."
Tirupathur,2005,12,2005-12-15,0.332,0.124,-0.118,Landsat-8 OLI,12.7,SYNTHETIC_PLACEHOLDER,"Demo spectral indices for Tirupathur, 2005-12. Replace with real Sentinel-2/Landsat analysis."
Tirupathur,2011,1,2011-01-15,0.468,0.238,0.099,Sentinel-2A MSI,4.0,SYNTHETIC_PLACEHOLDER,"Demo spectral indices for Tirupathur, 2011-01. Replace with real Sentinel-2/Landsat analysis."
Tirupathur,2011,2,2011-02-15,0.373,0.081,-0.12,Landsat-7 ETM+,1.7,SYNTHETIC_PLACEHOLDER,"Demo spectral indices for Tirupathur, 2011-02. Replace with real Sentinel-2/Landsat analysis."
Tirupathur,2011,3,2011-03-15,0.163,0.179,0.005,Sentinel-2B MSI,14.9,SYNTHETIC_PLACEHOLDER,"Demo spectral indices for Tirupathur, 2011-03. Replace with real Sentinel-2/Landsat analysis."
Tirupathur,2011,4,2011-04-15,0.275,-0.259,-0.1,Landsat-5 TM,3.9,SYNTHETIC_PLACEHOLDER,"Demo spectral indices for Tirupathur, 2011-04. Replace with real Sentinel-2/Landsat analysis."
Tirupathur,2011,5,2011-05-15,0.327,-0.277,0.219,Sentinel-2A MSI,11.7,SYNTHETIC_PLACEHOLDER,"Demo spectral indices for Tirupathur, 2011-05. Replace with real Sentinel-2/Landsat analysis."
Tirupathur,2011,6,2011-06-15,0.506,0.02,-0.086,Landsat-5 TM,13.5,SYNTHETIC_PLACEHOLDER,"Demo spectral indices for Tirupathur, 2011-06. Replace with real Sentinel-2/Landsat analysis."
Tirupathur,2011,7,2011-07-15,0.558,0.26,-0.2,Landsat-7 ETM+,3.5,SYNTHETIC_PLACEHOLDER,"Demo spectral indices for Tirupathur, 2011-07. Replace with real Sentinel-2/Landsat analysis."
Tirupathur,2011,8,2011-08-15,0.621,-0.116,0.115,Sentinel-2B MSI,14.2,SYNTHETIC_PLACEHOLDER,"Demo spectral indices for Tirupathur, 2011-08. Replace with real Sentinel-2/Landsat analysis."
Tirupathur,2011,9,2011-09-15,0.705,0.419,-0.119,Landsat-5 TM,11.6,SYNTHETIC_PLACEHOLDER,"Demo spectral indices for Tirupathur, 2011-09. Replace with real Sentinel-2/Landsat analysis."
Tirupathur,2011,10,2011-10-15,0.577,0.316,0.193,Landsat-7 ETM+,14.0,SYNTHETIC_PLACEHOLDER,"Demo spectral indices for Tirupathur, 2011-10. Replace with real Sentinel-2/Landsat analysis."
Tirupathur,2011,11,2011-11-15,0.354,-0.05,-0.099,Sentinel-2A MSI,3.8,SYNTHETIC_PLACEHOLDER,"Demo spectral indices for Tirupathur, 2011-11. Replace with real Sentinel-2/Landsat analysis."
Tirupathur,2011,12,2011-12-15,0.467,0.062,0.272,Landsat-8 OLI,8.2,SYNTHETIC_PLACEHOLDER,"Demo spectral indices for Tirupathur, 2011-12. Replace with real Sentinel-2/Landsat analysis."
Tirupathur,2015,1,2015-01-15,0.42,-0.206,0.181,Landsat-7 ETM+,5.4,SYNTHETIC_PLACEHOLDER,"Demo spectral indices for Tirupathur, 2015-01. Replace with real Sentinel-2/Landsat analysis."
Tirupathur,2015,2,2015-02-15,0.525,-0.385,0.282,Sentinel-2B MSI,0.5,SYNTHETIC_PLACEHOLDER,"Demo spectral indices for Tirupathur, 2015-02. Replace with real Sentinel-2/Landsat analysis."
Tirupathur,2015,3,2015-03-15,0.328,-0.362,0.255,Landsat-7 ETM+,3.8,SYNTHETIC_PLACEHOLDER,"Demo spectral indices for Tirupathur, 2015-03. Replace with real Sentinel-2/Landsat analysis."
Tirupathur,2015,4,2015-04-15,0.241,0.09,0.247,Landsat-5 TM,8.0,SYNTHETIC_PLACEHOLDER,"Demo spectral indices for Tirupathur, 2015-04. Replace with real Sentinel-2/Landsat analysis."
Tirupathur,2015,5,2015-05-15,0.192,-0.394,0.278,Landsat-8 OLI,4.5,SYNTHETIC_PLACEHOLDER,"Demo spectral indices for Tirupathur, 2015-05. Replace with real Sentinel-2/Landsat analysis."
Tirupathur,2015,6,2015-06-15,0.757,0.008,0.223,Landsat-7 ETM+,13.7,SYNTHETIC_PLACEHOLDER,"Demo spectral indices for Tirupathur, 2015-06. Replace with real Sentinel-2/Landsat analysis."
Tirupathur,2015,7,2015-07-15,0.677,0.337,-0.027,Landsat-5 TM,4.1,SYNTHETIC_PLACEHOLDER,"Demo spectral indices for Tirupathur, 2015-07. Replace with real Sentinel-2/Landsat analysis."
Tirupathur,2015,8,2015-08-15,0.502,0.144,0.155,Landsat-8 OLI,10.8,SYNTHETIC_PLACEHOLDER,"Demo spectral indices for Tirupathur, 2015-08. Replace with real Sentinel-2/Landsat analysis."
Tirupathur,2015,9,2015-09-15,0.745,0.377,0.134,Sentinel-2B MSI,1.0,SYNTHETIC_PLACEHOLDER,"Demo spectral indices for Tirupathur, 2015-09. Replace with real Sentinel-2/Landsat analysis."
Tirupathur,2015,10,2015-10-15,0.599,0.183,-0.07,Landsat-5 TM,11.4,SYNTHETIC_PLACEHOLDER,"Demo spectral indices for Tirupathur, 2015-10. Replace with real Sentinel-2/Landsat analysis."
Tirupathur,2015,11,2015-11-15,0.447,0.11,0.103,Landsat-5 TM,6.0,SYNTHETIC_PLACEHOLDER,"Demo spectral indices for Tirupathur, 2015-11. Replace with real Sentinel-2/Landsat analysis."
Tirupathur,2015,12,2015-12-15,0.457,-0.142,-0.163,Sentinel-2B MSI,10.7,SYNTHETIC_PLACEHOLDER,"Demo spectral indices for Tirupathur, 2015-12. Replace with real Sentinel-2/Landsat analysis."
Tiruppur,2005,1,2005-01-15,0.518,-0.309,0.077,Sentinel-2A MSI,11.9,SYNTHETIC_PLACEHOLDER,"Demo spectral indices for Tiruppur, 2005-01. Replace with real Sentinel-2/Landsat analysis."
Tiruppur,2005,2,2005-02-15,0.412,0.115,-0.107,Sentinel-2B MSI,12.4,SYNTHETIC_PLACEHOLDER,"Demo spectral indices for Tiruppur, 2005-02. Replace with real Sentinel-2/Landsat analysis."
Tiruppur,2005,3,2005-03-15,0.28,-0.11,-0.15,Sentinel-2A MSI,14.2,SYNTHETIC_PLACEHOLDER,"Demo spectral indices for Tiruppur, 2005-03. Replace with real Sentinel-2/Landsat analysis."
Tiruppur,2005,4,2005-04-15,0.299,0.264,0.258,Sentinel-2B MSI,9.4,SYNTHETIC_PLACEHOLDER,"Demo spectral indices for Tiruppur, 2005-04. Replace with real Sentinel-2/Landsat analysis."
Tiruppur,2005,5,2005-05-15,0.379,-0.261,0.136,Landsat-7 ETM+,0.7,SYNTHETIC_PLACEHOLDER,"Demo spectral indices for Tiruppur, 2005-05. Replace with real Sentinel-2/Landsat analysis."
Tiruppur,2005,6,2005-06-15,0.645,-0.096,0.277,Landsat-7 ETM+,14.2,SYNTHETIC_PLACEHOLDER,"Demo spectral indices for Tiruppur, 2005-06. Replace with real Sentinel-2/Landsat analysis."
Tiruppur,2005,7,2005-07-15,0.507,0.105,0.256,Sentinel-2A MSI,12.4,SYNTHETIC_PLACEHOLDER,"Demo spectral indices for Tiruppur, 2005-07. Replace with real Sentinel-2/Landsat analysis."
Tiruppur,2005,8,2005-08-15,0.571,-0.058,0.27,Landsat-8 OLI,4.3,SYNTHETIC_PLACEHOLDER,"Demo spectral indices for Tiruppur, 2005-08. Replace with real Sentinel-2/Landsat analysis."
Tiruppur,2005,9,2005-09-15,0.561,0.399,0.08,Landsat-8 OLI,10.9,SYNTHETIC_PLACEHOLDER,"Demo spectral indices for Tiruppur, 2005-09. Replace with real Sentinel-2/Landsat analysis."
Tiruppur,2005,10,2005-10-15,0.475,0.355,-0.234,Landsat-8 OLI,3.5,SYNTHETIC_PLACEHOLDER,"Demo spectral indices for Tiruppur, 2005-10. Replace with real Sentinel-2/Landsat analysis."
Tiruppur,2005,11,2005-11-15,0.415,0.208,0.106,Landsat-5 TM,0.2,SYNTHETIC_PLACEHOLDER,"Demo spectral indices for Tiruppur, 2005-11. Replace with real Sentinel-2/Landsat analysis."
Tiruppur,2005,12,2005-12-15,0.359,0.285,0.128,Sentinel-2A MSI,10.6,SYNTHETIC_PLACEHOLDER,"Demo spectral indices for Tiruppur, 2005-12. Replace with real Sentinel-2/Landsat analysis."
Tiruppur,2011,1,2011-01-15,0.473,-0.333,-0.218,Landsat-8 OLI,14.0,SYNTHETIC_PLACEHOLDER,"Demo spectral indices for Tiruppur, 2011-01. Replace with real Sentinel-2/Landsat analysis."
Tiruppur,2011,2,2011-02-15,0.43,0.024,0.119,Sentinel-2B MSI,10.6,SYNTHETIC_PLACEHOLDER,"Demo spectral indices for Tiruppur, 2011-02. Replace with real Sentinel-2/Landsat analysis."
Tiruppur,2011,3,2011-03-15,0.263,-0.047,-0.04,Sentinel-2A MSI,10.1,SYNTHETIC_PLACEHOLDER,"Demo spectral indices for Tiruppur, 2011-03. Replace with real Sentinel-2/Landsat analysis."
Tiruppur,2011,4,2011-04-15,0.216,-0.371,-0.151,Landsat-7 ETM+,7.6,SYNTHETIC_PLACEHOLDER,"Demo spectral indices for Tiruppur, 2011-04. Replace with real Sentinel-2/Landsat analysis."
Tiruppur,2011,5,2011-05-15,0.374,-0.308,-0.075,Sentinel-2B MSI,6.5,SYNTHETIC_PLACEHOLDER,"Demo spectral indices for Tiruppur, 2011-05. Replace with real Sentinel-2/Landsat analysis."
Tiruppur,2011,6,2011-06-15,0.509,0.485,0.025,Landsat-8 OLI,11.2,SYNTHETIC_PLACEHOLDER,"Demo spectral indices for Tiruppur, 2011-06. Replace with real Sentinel-2/Landsat analysis."
Tiruppur,2011,7,2011-07-15,0.706,0.414,0.087,Landsat-8 OLI,7.8,SYNTHETIC_PLACEHOLDER,"Demo spectral indices for Tiruppur, 2011-07. Replace with real Sentinel-2/Landsat analysis."
Tiruppur,2011,8,2011-08-15,0.547,0.316,0.02,Landsat-7 ETM+,8.3,SYNTHETIC_PLACEHOLDER,"Demo spectral indices for Tiruppur, 2011-08. Replace with real Sentinel-2/Landsat analysis."
Tiruppur,2011,9,2011-09-15,0.741,0.108,-0.146,Landsat-5 TM,3.4,SYNTHETIC_PLACEHOLDER,"Demo spectral indices for Tiruppur, 2011-09. Replace with real Sentinel-2/Landsat analysis."
Tiruppur,2011,10,2011-10-15,0.437,0.294,-0.01,Sentinel-2A MSI,0.6,SYNTHETIC_PLACEHOLDER,"Demo spectral indices for Tiruppur, 2011-10. Replace with real Sentinel-2/Landsat analysis."
Tiruppur,2011,11,2011-11-15,0.442,0.14,0.021,Landsat-7 ETM+,1.9,SYNTHETIC_PLACEHOLDER,"Demo spectral indices for Tiruppur, 2011-11. Replace with real Sentinel-2/Landsat analysis."
Tiruppur,2011,12,2011-12-15,0.406,-0.074,-0.157,Sentinel-2B MSI,12.3,SYNTHETIC_PLACEHOLDER,"Demo spectral indices for Tiruppur, 2011-12. Replace with real Sentinel-2/Landsat analysis."
Tiruppur,2015,1,2015-01-15,0.479,-0.251,0.299,Landsat-5 TM,7.9,SYNTHETIC_PLACEHOLDER,"Demo spectral indices for Tiruppur, 2015-01. Replace with real Sentinel-2/Landsat analysis."
Tiruppur,2015,2,2015-02-15,0.456,-0.346,0.173,Landsat-5 TM,13.3,SYNTHETIC_PLACEHOLDER,"Demo spectral indices for Tiruppur, 2015-02. Replace with real Sentinel-2/Landsat analysis."
Tiruppur,2015,3,2015-03-15,0.173,0.076,-0.033,Sentinel-2B MSI,13.9,SYNTHETIC_PLACEHOLDER,"Demo spectral indices for Tiruppur, 2015-03. Replace with real Sentinel-2/Landsat analysis."
Tiruppur,2015,4,2015-04-15,0.154,-0.38,0.003,Sentinel-2A MSI,6.8,SYNTHETIC_PLACEHOLDER,"Demo spectral indices for Tiruppur, 2015-04. Replace with real Sentinel-2/Landsat analysis."
Tiruppur,2015,5,2015-05-15,0.35,-0.396,0.283,Sentinel-2B MSI,14.3,SYNTHETIC_PLACEHOLDER,"Demo spectral indices for Tiruppur, 2015-05. Replace with real Sentinel-2/Landsat analysis."
Tiruppur,2015,6,2015-06-15,0.571,0.314,0.277,Sentinel-2B MSI,1.9,SYNTHETIC_PLACEHOLDER,"Demo spectral indices for Tiruppur, 2015-06. Replace with real Sentinel-2/Landsat analysis."
Tiruppur,2015,7,2015-07-15,0.739,-0.002,0.189,Landsat-5 TM,8.2,SYNTHETIC_PLACEHOLDER,"Demo spectral indices for Tiruppur, 2015-07. Replace with real Sentinel-2/Landsat analysis."
Tiruppur,2015,8,2015-08-15,0.59,-0.021,-0.118,Sentinel-2A MSI,1.3,SYNTHETIC_PLACEHOLDER,"Demo spectral indices for Tiruppur, 2015-08. Replace with real Sentinel-2/Landsat analysis."
Tiruppur,2015,9,2015-09-15,0.672,0.346,-0.093,Landsat-7 ETM+,1.8,SYNTHETIC_PLACEHOLDER,"Demo spectral indices for Tiruppur, 2015-09. Replace with real Sentinel-2/Landsat analysis."
Tiruppur,2015,10,2015-10-15,0.59,0.364,-0.079,Sentinel-2B MSI,2.0,SYNTHETIC_PLACEHOLDER,"Demo spectral indices for Tiruppur, 2015-10. Replace with real Sentinel-2/Landsat analysis."
Tiruppur,2015,11,2015-11-15,0.516,0.159,0.019,Sentinel-2A MSI,7.1,SYNTHETIC_PLACEHOLDER,"Demo spectral indices for Tiruppur, 2015-11. Replace with real Sentinel-2/Landsat analysis."
Tiruppur,2015,12,2015-12-15,0.455,0.33,0.196,Sentinel-2B MSI,2.8,SYNTHETIC_PLACEHOLDER,"Demo spectral indices for Tiruppur, 2015-12. Replace with real Sentinel-2/Landsat analysis."
Tiruvallur,2005,1,2005-01-15,0.435,-0.041,0.285,Landsat-7 ETM+,9.7,SYNTHETIC_PLACEHOLDER,"Demo spectral indices for Tiruvallur, 2005-01. Replace with real Sentinel-2/Landsat analysis."
Tiruvallur,2005,2,2005-02-15,0.536,-0.031,0.106,Landsat-5 TM,4.4,SYNTHETIC_PLACEHOLDER,"Demo spectral indices for Tiruvallur, 2005-02. Replace with real Sentinel-2/Landsat analysis."
Tiruvallur,2005,3,2005-03-15,0.278,-0.066,-0.168,Landsat-7 ETM+,10.3,SYNTHETIC_PLACEHOLDER,"Demo spectral indices for Tiruvallur, 2005-03. Replace with real Sentinel-2/Landsat analysis."
Tiruvallur,2005,4,2005-04-15,0.185,-0.101,0.063,Sentinel-2B MSI,1.1,SYNTHETIC_PLACEHOLDER,"Demo spectral indices for Tiruvallur, 2005-04. Replace with real Sentinel-2/Landsat analysis."
Tiruvallur,2005,5,2005-05-15,0.12,-0.103,-0.198,Sentinel-2B MSI,12.2,SYNTHETIC_PLACEHOLDER,"Demo spectral indices for Tiruvallur, 2005-05. Replace with real Sentinel-2/Landsat analysis."
Tiruvallur,2005,6,2005-06-15,0.565,0.338,-0.241,Sentinel-2A MSI,2.7,SYNTHETIC_PLACEHOLDER,"Demo spectral indices for Tiruvallur, 2005-06. Replace with real Sentinel-2/Landsat analysis."
Tiruvallur,2005,7,2005-07-15,0.494,-0.142,0.232,Landsat-8 OLI,4.7,SYNTHETIC_PLACEHOLDER,"Demo spectral indices for Tiruvallur, 2005-07. Replace with real Sentinel-2/Landsat analysis."
Tiruvallur,2005,8,2005-08-15,0.693,0.115,0.194,Landsat-8 OLI,14.5,SYNTHETIC_PLACEHOLDER,"Demo spectral indices for Tiruvallur, 2005-08. Replace with real Sentinel-2/Landsat analysis."
Tiruvallur,2005,9,2005-09-15,0.68,-0.07,0.161,Sentinel-2B MSI,3.9,SYNTHETIC_PLACEHOLDER,"Demo spectral indices for Tiruvallur, 2005-09. Replace with real Sentinel-2/Landsat analysis."
Tiruvallur,2005,10,2005-10-15,0.645,-0.187,-0.033,Landsat-5 TM,2.6,SYNTHETIC_PLACEHOLDER,"Demo spectral indices for Tiruvallur, 2005-10. Replace with real Sentinel-2/Landsat analysis."
Tiruvallur,2005,11,2005-11-15,0.465,0.408,0.281,Sentinel-2B MSI,10.9,SYNTHETIC_PLACEHOLDER,"Demo spectral indices for Tiruvallur, 2005-11. Replace with real Sentinel-2/Landsat analysis."
Tiruvallur,2005,12,2005-12-15,0.442,0.232,0.13,Sentinel-2A MSI,12.1,SYNTHETIC_PLACEHOLDER,"Demo spectral indices for Tiruvallur, 2005-12. Replace with real Sentinel-2/Landsat analysis."
Tiruvallur,2011,1,2011-01-15,0.331,-0.266,0.199,Landsat-7 ETM+,12.9,SYNTHETIC_PLACEHOLDER,"Demo spectral indices for Tiruvallur, 2011-01. Replace with real Sentinel-2/Landsat analysis."
Tiruvallur,2011,2,2011-02-15,0.407,0.055,-0.01,Sentinel-2B MSI,2.9,SYNTHETIC_PLACEHOLDER,"Demo spectral indices for Tiruvallur, 2011-02. Replace with real Sentinel-2/Landsat analysis."
Tiruvallur,2011,3,2011-03-15,0.207,-0.068,-0.238,Landsat-7 ETM+,13.5,SYNTHETIC_PLACEHOLDER,"Demo spectral indices for Tiruvallur, 2011-03. Replace with real Sentinel-2/Landsat analysis."
Tiruvallur,2011,4,2011-04-15,0.292,-0.06,-0.239,Sentinel-2A MSI,8.8,SYNTHETIC_PLACEHOLDER,"Demo spectral indices for Tiruvallur, 2011-04. Replace with real Sentinel-2/Landsat analysis."
Tiruvallur,2011,5,2011-05-15,0.197,0.184,-0.222,Landsat-5 TM,1.5,SYNTHETIC_PLACEHOLDER,"Demo spectral indices for Tiruvallur, 2011-05. Replace with real Sentinel-2/Landsat analysis."
Tiruvallur,2011,6,2011-06-15,0.697,0.091,0.023,Sentinel-2B MSI,8.9,SYNTHETIC_PLACEHOLDER,"Demo spectral indices for Tiruvallur, 2011-06. Replace with real Sentinel-2/Landsat analysis."
Tiruvallur,2011,7,2011-07-15,0.595,0.141,0.017,Sentinel-2B MSI,10.9,SYNTHETIC_PLACEHOLDER,"Demo spectral indices for Tiruvallur, 2011-07. Replace with real Sentinel-2/Landsat analysis."
Tiruvallur,2011,8,2011-08-15,0.771,0.407,-0.122,Landsat-5 TM,7.9,SYNTHETIC_PLACEHOLDER,"Demo spectral indices for Tiruvallur, 2011-08. Replace with real Sentinel-2/Landsat analysis."
Tiruvallur,2011,9,2011-09-15,0.558,-0.156,0.241,Sentinel-2A MSI,13.3,SYNTHETIC_PLACEHOLDER,"Demo spectral indices for Tiruvallur, 2011-09. Replace with real Sentinel-2/Landsat analysis."
Tiruvallur,2011,10,2011-10-15,0.497,0.252,-0.003,Sentinel-2A MSI,0.3,SYNTHETIC_PLACEHOLDER,"Demo spectral indices for Tiruvallur, 2011-10. Replace with real Sentinel-2/Landsat analysis."
Tiruvallur,2011,11,2011-11-15,0.377,0.041,-0.122,Landsat-7 ETM+,8.8,SYNTHETIC_PLACEHOLDER,"Demo spectral indices for Tiruvallur, 2011-11. Replace with real Sentinel-2/Landsat analysis."
Tiruvallur,2011,12,2011-12-15,0.529,0.397,0.143,Sentinel-2A MSI,2.0,SYNTHETIC_PLACEHOLDER,"Demo spectral indices for Tiruvallur, 2011-12. Replace with real Sentinel-2/Landsat analysis."
Tiruvallur,2015,1,2015-01-15,0.43,0.272,0.208,Landsat-8 OLI,11.9,SYNTHETIC_PLACEHOLDER,"Demo spectral indices for Tiruvallur, 2015-01. Replace with real Sentinel-2/Landsat analysis."
Tiruvallur,2015,2,2015-02-15,0.544,0.035,-0.095,Landsat-5 TM,10.0,SYNTHETIC_PLACEHOLDER,"Demo spectral indices for Tiruvallur, 2015-02. Replace with real Sentinel-2/Landsat analysis."
Tiruvallur,2015,3,2015-03-15,0.146,0.024,-0.195,Sentinel-2A MSI,14.1,SYNTHETIC_PLACEHOLDER,"Demo spectral indices for Tiruvallur, 2015-03. Replace with real Sentinel-2/Landsat analysis."
Tiruvallur,2015,4,2015-04-15,0.222,-0.01,0.3,Landsat-8 OLI,13.2,SYNTHETIC_PLACEHOLDER,"Demo spectral indices for Tiruvallur, 2015-04. Replace with real Sentinel-2/Landsat analysis."
Tiruvallur,2015,5,2015-05-15,0.187,0.18,0.242,Landsat-5 TM,12.1,SYNTHETIC_PLACEHOLDER,"Demo spectral indices for Tiruvallur, 2015-05. Replace with real Sentinel-2/Landsat analysis."
Tiruvallur,2015,6,2015-06-15,0.513,-0.041,0.059,Sentinel-2A MSI,3.9,SYNTHETIC_PLACEHOLDER,"Demo spectral indices for Tiruvallur, 2015-06. Replace with real Sentinel-2/Landsat analysis."
Tiruvallur,2015,7,2015-07-15,0.538,-0.167,0.233,Landsat-8 OLI,13.4,SYNTHETIC_PLACEHOLDER,"Demo spectral indices for Tiruvallur, 2015-07. Replace with real Sentinel-2/Landsat analysis."
Tiruvallur,2015,8,2015-08-15,0.743,0.223,-0.193,Landsat-5 TM,13.9,SYNTHETIC_PLACEHOLDER,"Demo spectral indices for Tiruvallur, 2015-08. Replace with real Sentinel-2/Landsat analysis."
Tiruvallur,2015,9,2015-09-15,0.577,0.389,-0.189,Landsat-5 TM,11.7,SYNTHETIC_PLACEHOLDER,"Demo spectral indices for Tiruvallur, 2015-09. Replace with real Sentinel-2/Landsat analysis."
Tiruvallur,2015,10,2015-10-15,0.669,-0.129,0.059,Sentinel-2B MSI,1.6,SYNTHETIC_PLACEHOLDER,"Demo spectral indices for Tiruvallur, 2015-10. Replace with real Sentinel-2/Landsat analysis."
Tiruvallur,2015,11,2015-11-15,0.513,0.438,-0.164,Landsat-8 OLI,10.6,SYNTHETIC_PLACEHOLDER,"Demo spectral indices for Tiruvallur, 2015-11. Replace with real Sentinel-2/Landsat analysis."
Tiruvallur,2015,12,2015-12-15,0.502,0.409,-0.165,Landsat-8 OLI,5.0,SYNTHETIC_PLACEHOLDER,"Demo spectral indices for Tiruvallur, 2015-12. Replace with real Sentinel-2/Landsat analysis."
Tiruvannamalai,2005,1,2005-01-15,0.412,-0.093,-0.021,Landsat-5 TM,3.7,SYNTHETIC_PLACEHOLDER,"Demo spectral indices for Tiruvannamalai, 2005-01. Replace with real Sentinel-2/Landsat analysis."
Tiruvannamalai,2005,2,2005-02-15,0.496,-0.046,-0.203,Landsat-8 OLI,10.7,SYNTHETIC_PLACEHOLDER,"Demo spectral indices for Tiruvannamalai, 2005-02. Replace with real Sentinel-2/Landsat analysis."
Tiruvannamalai,2005,3,2005-03-15,0.246,-0.228,0.164,Sentinel-2B MSI,6.3,SYNTHETIC_PLACEHOLDER,"Demo spectral indices for Tiruvannamalai, 2005-03. Replace with real Sentinel-2/Landsat analysis."
Tiruvannamalai,2005,4,2005-04-15,0.226,-0.111,-0.025,Sentinel-2A MSI,14.3,SYNTHETIC_PLACEHOLDER,"Demo spectral indices for Tiruvannamalai, 2005-04. Replace with real Sentinel-2/Landsat analysis."
Tiruvannamalai,2005,5,2005-05-15,0.271,0.261,-0.007,Landsat-5 TM,10.8,SYNTHETIC_PLACEHOLDER,"Demo spectral indices for Tiruvannamalai, 2005-05. Replace with real Sentinel-2/Landsat analysis."
Tiruvannamalai,2005,6,2005-06-15,0.562,0.037,-0.029,Landsat-7 ETM+,6.5,SYNTHETIC_PLACEHOLDER,"Demo spectral indices for Tiruvannamalai, 2005-06. Replace with real Sentinel-2/Landsat analysis."
Tiruvannamalai,2005,7,2005-07-15,0.522,0.446,-0.167,Sentinel-2B MSI,0.9,SYNTHETIC_PLACEHOLDER,"Demo spectral indices for Tiruvannamalai, 2005-07. Replace with real Sentinel-2/Landsat analysis."
Tiruvannamalai,2005,8,2005-08-15,0.661,0.262,0.036,Landsat-8 OLI,6.3,SYNTHETIC_PLACEHOLDER,"Demo spectral indices for Tiruvannamalai, 2005-08. Replace with real Sentinel-2/Landsat analysis."
Tiruvannamalai,2005,9,2005-09-15,0.736,0.411,0.147,Landsat-8 OLI,13.6,SYNTHETIC_PLACEHOLDER,"Demo spectral indices for Tiruvannamalai, 2005-09. Replace with real Sentinel-2/Landsat analysis."
Tiruvannamalai,2005,10,2005-10-15,0.43,0.169,0.256,Sentinel-2A MSI,6.7,SYNTHETIC_PLACEHOLDER,"Demo spectral indices for Tiruvannamalai, 2005-10. Replace with real Sentinel-2/Landsat analysis."
Tiruvannamalai,2005,11,2005-11-15,0.395,0.352,0.109,Landsat-8 OLI,13.3,SYNTHETIC_PLACEHOLDER,"Demo spectral indices for Tiruvannamalai, 2005-11. Replace with real Sentinel-2/Landsat analysis."
Tiruvannamalai,2005,12,2005-12-15,0.497,-0.062,-0.084,Landsat-5 TM,8.1,SYNTHETIC_PLACEHOLDER,"Demo spectral indices for Tiruvannamalai, 2005-12. Replace with real Sentinel-2/Landsat analysis."
Tiruvannamalai,2011,1,2011-01-15,0.45,0.216,0.036,Sentinel-2B MSI,4.3,SYNTHETIC_PLACEHOLDER,"Demo spectral indices for Tiruvannamalai, 2011-01. Replace with real Sentinel-2/Landsat analysis."
Tiruvannamalai,2011,2,2011-02-15,0.374,-0.035,0.166,Landsat-7 ETM+,0.4,SYNTHETIC_PLACEHOLDER,"Demo spectral indices for Tiruvannamalai, 2011-02. Replace with real Sentinel-2/Landsat analysis."
Tiruvannamalai,2011,3,2011-03-15,0.332,-0.219,0.208,Landsat-8 OLI,10.9,SYNTHETIC_PLACEHOLDER,"Demo spectral indices for Tiruvannamalai, 2011-03. Replace with real Sentinel-2/Landsat analysis."
Tiruvannamalai,2011,4,2011-04-15,0.308,-0.358,-0.045,Sentinel-2B MSI,5.3,SYNTHETIC_PLACEHOLDER,"Demo spectral indices for Tiruvannamalai, 2011-04. Replace with real Sentinel-2/Landsat analysis."
Tiruvannamalai,2011,5,2011-05-15,0.175,-0.313,-0.086,Landsat-5 TM,6.8,SYNTHETIC_PLACEHOLDER,"Demo spectral indices for Tiruvannamalai, 2011-05. Replace with real Sentinel-2/Landsat analysis."
Tiruvannamalai,2011,6,2011-06-15,0.775,0.492,0.061,Sentinel-2B MSI,12.7,SYNTHETIC_PLACEHOLDER,"Demo spectral indices for Tiruvannamalai, 2011-06. Replace with real Sentinel-2/Landsat analysis."
Tiruvannamalai,2011,7,2011-07-15,0.5,0.267,0.198,Sentinel-2B MSI,10.1,SYNTHETIC_PLACEHOLDER,"Demo spectral indices for Tiruvannamalai, 2011-07. Replace with real Sentinel-2/Landsat analysis."
Tiruvannamalai,2011,8,2011-08-15,0.666,-0.027,-0.07,Sentinel-2B MSI,2.9,SYNTHETIC_PLACEHOLDER,"Demo spectral indices for Tiruvannamalai, 2011-08. Replace with real Sentinel-2/Landsat analysis."
Tiruvannamalai,2011,9,2011-09-15,0.679,-0.097,-0.016,Sentinel-2A MSI,1.2,SYNTHETIC_PLACEHOLDER,"Demo spectral indices for Tiruvannamalai, 2011-09. Replace with real Sentinel-2/Landsat analysis."
Tiruvannamalai,2011,10,2011-10-15,0.508,0.133,-0.005,Landsat-8 OLI,10.2,SYNTHETIC_PLACEHOLDER,"Demo spectral indices for Tiruvannamalai, 2011-10. Replace with real Sentinel-2/Landsat analysis."
Tiruvannamalai,2011,11,2011-11-15,0.436,0.345,0.23,Sentinel-2B MSI,7.5,SYNTHETIC_PLACEHOLDER,"Demo spectral indices for Tiruvannamalai, 2011-11. Replace with real Sentinel-2/Landsat analysis."
Tiruvannamalai,2011,12,2011-12-15,0.429,0.452,0.019,Sentinel-2A MSI,12.4,SYNTHETIC_PLACEHOLDER,"Demo spectral indices for Tiruvannamalai, 2011-12. Replace with real Sentinel-2/Landsat analysis."
Tiruvannamalai,2015,1,2015-01-15,0.342,0.098,-0.179,Sentinel-2B MSI,12.9,SYNTHETIC_PLACEHOLDER,"Demo spectral indices for Tiruvannamalai, 2015-01. Replace with real Sentinel-2/Landsat analysis."
Tiruvannamalai,2015,2,2015-02-15,0.345,-0.069,0.161,Sentinel-2B MSI,5.5,SYNTHETIC_PLACEHOLDER,"Demo spectral indices for Tiruvannamalai, 2015-02. Replace with real Sentinel-2/Landsat analysis."
Tiruvannamalai,2015,3,2015-03-15,0.351,-0.114,-0.184,Sentinel-2B MSI,4.3,SYNTHETIC_PLACEHOLDER,"Demo spectral indices for Tiruvannamalai, 2015-03. Replace with real Sentinel-2/Landsat analysis."
Tiruvannamalai,2015,4,2015-04-15,0.216,-0.187,-0.044,Landsat-8 OLI,7.3,SYNTHETIC_PLACEHOLDER,"Demo spectral indices for Tiruvannamalai, 2015-04. Replace with real Sentinel-2/Landsat analysis."
Tiruvannamalai,2015,5,2015-05-15,0.272,0.013,-0.223,Landsat-8 OLI,13.3,SYNTHETIC_PLACEHOLDER,"Demo spectral indices for Tiruvannamalai, 2015-05. Replace with real Sentinel-2/Landsat analysis."
Tiruvannamalai,2015,6,2015-06-15,0.547,0.142,-0.183,Landsat-8 OLI,1.0,SYNTHETIC_PLACEHOLDER,"Demo spectral indices for Tiruvannamalai, 2015-06. Replace with real Sentinel-2/Landsat analysis."
Tiruvannamalai,2015,7,2015-07-15,0.462,0.017,-0.001,Landsat-8 OLI,11.7,SYNTHETIC_PLACEHOLDER,"Demo spectral indices for Tiruvannamalai, 2015-07. Replace with real Sentinel-2/Landsat analysis."
Tiruvannamalai,2015,8,2015-08-15,0.615,0.224,0.169,Sentinel-2B MSI,9.5,SYNTHETIC_PLACEHOLDER,"Demo spectral indices for Tiruvannamalai, 2015-08. Replace with real Sentinel-2/Landsat analysis."
Tiruvannamalai,2015,9,2015-09-15,0.695,-0.096,0.15,Landsat-5 TM,12.0,SYNTHETIC_PLACEHOLDER,"Demo spectral indices for Tiruvannamalai, 2015-09. Replace with real Sentinel-2/Landsat analysis."
Tiruvannamalai,2015,10,2015-10-15,0.64,-0.037,-0.033,Sentinel-2B MSI,0.7,SYNTHETIC_PLACEHOLDER,"Demo spectral indices for Tiruvannamalai, 2015-10. Replace with real Sentinel-2/Landsat analysis."
Tiruvannamalai,2015,11,2015-11-15,0.478,-0.006,-0.201,Landsat-7 ETM+,10.6,SYNTHETIC_PLACEHOLDER,"Demo spectral indices for Tiruvannamalai, 2015-11. Replace with real Sentinel-2/Landsat analysis."
Tiruvannamalai,2015,12,2015-12-15,0.494,0.295,0.059,Landsat-5 TM,9.7,SYNTHETIC_PLACEHOLDER,"Demo spectral indices for Tiruvannamalai, 2015-12. Replace with real Sentinel-2/Landsat analysis."
Tiruvarur,2005,1,2005-01-15,0.413,-0.021,0.167,Sentinel-2B MSI,7.8,SYNTHETIC_PLACEHOLDER,"Demo spectral indices for Tiruvarur, 2005-01. Replace with real Sentinel-2/Landsat analysis."
Tiruvarur,2005,2,2005-02-15,0.5,-0.387,0.112,Sentinel-2B MSI,2.7,SYNTHETIC_PLACEHOLDER,"Demo spectral indices for Tiruvarur, 2005-02. Replace with real Sentinel-2/Landsat analysis."
Tiruvarur,2005,3,2005-03-15,0.182,-0.228,0.138,Sentinel-2B MSI,6.7,SYNTHETIC_PLACEHOLDER,"Demo spectral indices for Tiruvarur, 2005-03. Replace with real Sentinel-2/Landsat analysis."
Tiruvarur,2005,4,2005-04-15,0.322,-0.119,-0.225,Landsat-5 TM,5.1,SYNTHETIC_PLACEHOLDER,"Demo spectral indices for Tiruvarur, 2005-04. Replace with real Sentinel-2/Landsat analysis."
Tiruvarur,2005,5,2005-05-15,0.139,-0.03,-0.04,Landsat-5 TM,1.7,SYNTHETIC_PLACEHOLDER,"Demo spectral indices for Tiruvarur, 2005-05. Replace with real Sentinel-2/Landsat analysis."
Tiruvarur,2005,6,2005-06-15,0.447,-0.099,-0.109,Landsat-5 TM,2.3,SYNTHETIC_PLACEHOLDER,"Demo spectral indices for Tiruvarur, 2005-06. Replace with real Sentinel-2/Landsat analysis."
Tiruvarur,2005,7,2005-07-15,0.754,-0.159,0.279,Landsat-7 ETM+,0.4,SYNTHETIC_PLACEHOLDER,"Demo spectral indices for Tiruvarur, 2005-07. Replace with real Sentinel-2/Landsat analysis."
Tiruvarur,2005,8,2005-08-15,0.457,0.024,-0.023,Landsat-8 OLI,3.9,SYNTHETIC_PLACEHOLDER,"Demo spectral indices for Tiruvarur, 2005-08. Replace with real Sentinel-2/Landsat analysis."
Tiruvarur,2005,9,2005-09-15,0.772,-0.164,-0.118,Sentinel-2B MSI,8.8,SYNTHETIC_PLACEHOLDER,"Demo spectral indices for Tiruvarur, 2005-09. Replace with real Sentinel-2/Landsat analysis."
Tiruvarur,2005,10,2005-10-15,0.623,0.07,-0.187,Landsat-5 TM,4.8,SYNTHETIC_PLACEHOLDER,"Demo spectral indices for Tiruvarur, 2005-10. Replace with real Sentinel-2/Landsat analysis."
Tiruvarur,2005,11,2005-11-15,0.417,-0.18,0.098,Landsat-5 TM,4.0,SYNTHETIC_PLACEHOLDER,"Demo spectral indices for Tiruvarur, 2005-11. Replace with real Sentinel-2/Landsat analysis."
Tiruvarur,2005,12,2005-12-15,0.56,-0.028,0.055,Landsat-7 ETM+,4.6,SYNTHETIC_PLACEHOLDER,"Demo spectral indices for Tiruvarur, 2005-12. Replace with real Sentinel-2/Landsat analysis."
Tiruvarur,2011,1,2011-01-15,0.39,0.045,-0.138,Landsat-7 ETM+,5.6,SYNTHETIC_PLACEHOLDER,"Demo spectral indices for Tiruvarur, 2011-01. Replace with real Sentinel-2/Landsat analysis."
Tiruvarur,2011,2,2011-02-15,0.575,-0.024,-0.017,Sentinel-2B MSI,6.8,SYNTHETIC_PLACEHOLDER,"Demo spectral indices for Tiruvarur, 2011-02. Replace with real Sentinel-2/Landsat analysis."
Tiruvarur,2011,3,2011-03-15,0.147,0.181,-0.091,Landsat-7 ETM+,0.0,SYNTHETIC_PLACEHOLDER,"Demo spectral indices for Tiruvarur, 2011-03. Replace with real Sentinel-2/Landsat analysis."
Tiruvarur,2011,4,2011-04-15,0.335,0.019,0.212,Sentinel-2A MSI,15.0,SYNTHETIC_PLACEHOLDER,"Demo spectral indices for Tiruvarur, 2011-04. Replace with real Sentinel-2/Landsat analysis."
Tiruvarur,2011,5,2011-05-15,0.29,0.188,-0.095,Landsat-7 ETM+,11.1,SYNTHETIC_PLACEHOLDER,"Demo spectral indices for Tiruvarur, 2011-05. Replace with real Sentinel-2/Landsat analysis."
Tiruvarur,2011,6,2011-06-15,0.599,0.077,-0.182,Landsat-7 ETM+,10.9,SYNTHETIC_PLACEHOLDER,"Demo spectral indices for Tiruvarur, 2011-06. Replace with real Sentinel-2/Landsat analysis."
Tiruvarur,2011,7,2011-07-15,0.787,-0.052,0.028,Landsat-8 OLI,13.3,SYNTHETIC_PLACEHOLDER,"Demo spectral indices for Tiruvarur, 2011-07. Replace with real Sentinel-2/Landsat analysis."
Tiruvarur,2011,8,2011-08-15,0.747,0.486,0.139,Landsat-8 OLI,3.7,SYNTHETIC_PLACEHOLDER,"Demo spectral indices for Tiruvarur, 2011-08. Replace with real Sentinel-2/Landsat analysis."
Tiruvarur,2011,9,2011-09-15,0.729,0.122,0.08,Landsat-5 TM,13.7,SYNTHETIC_PLACEHOLDER,"Demo spectral indices for Tiruvarur, 2011-09. Replace with real Sentinel-2/Landsat analysis."
Tiruvarur,2011,10,2011-10-15,0.532,0.226,-0.248,Landsat-5 TM,10.1,SYNTHETIC_PLACEHOLDER,"Demo spectral indices for Tiruvarur, 2011-10. Replace with real Sentinel-2/Landsat analysis."
Tiruvarur,2011,11,2011-11-15,0.472,0.292,0.169,Sentinel-2B MSI,1.2,SYNTHETIC_PLACEHOLDER,"Demo spectral indices for Tiruvarur, 2011-11. Replace with real Sentinel-2/Landsat analysis."
Tiruvarur,2011,12,2011-12-15,0.54,0.177,0.241,Sentinel-2A MSI,10.1,SYNTHETIC_PLACEHOLDER,"Demo spectral indices for Tiruvarur, 2011-12. Replace with real Sentinel-2/Landsat analysis."
Tiruvarur,2015,1,2015-01-15,0.452,0.179,-0.053,Landsat-7 ETM+,12.6,SYNTHETIC_PLACEHOLDER,"Demo spectral indices for Tiruvarur, 2015-01. Replace with real Sentinel-2/Landsat analysis."
Tiruvarur,2015,2,2015-02-15,0.561,-0.313,-0.046,Landsat-7 ETM+,6.7,SYNTHETIC_PLACEHOLDER,"Demo spectral indices for Tiruvarur, 2015-02. Replace with real Sentinel-2/Landsat analysis."
Tiruvarur,2015,3,2015-03-15,0.146,-0.203,0.257,Landsat-8 OLI,2.9,SYNTHETIC_PLACEHOLDER,"Demo spectral indices for Tiruvarur, 2015-03. Replace with real Sentinel-2/Landsat analysis."
Tiruvarur,2015,4,2015-04-15,0.326,0.166,-0.128,Sentinel-2A MSI,14.5,SYNTHETIC_PLACEHOLDER,"Demo spectral indices for Tiruvarur, 2015-04. Replace with real Sentinel-2/Landsat analysis."
Tiruvarur,2015,5,2015-05-15,0.157,0.093,0.083,Landsat-5 TM,2.9,SYNTHETIC_PLACEHOLDER,"Demo spectral indices for Tiruvarur, 2015-05. Replace with real Sentinel-2/Landsat analysis."
Tiruvarur,2015,6,2015-06-15,0.686,0.409,0.063,Sentinel-2A MSI,2.6,SYNTHETIC_PLACEHOLDER,"Demo spectral indices for Tiruvarur, 2015-06. Replace with real Sentinel-2/Landsat analysis."
Tiruvarur,2015,7,2015-07-15,0.532,0.271,0.082,Landsat-7 ETM+,1.0,SYNTHETIC_PLACEHOLDER,"Demo spectral indices for Tiruvarur, 2015-07. Replace with real Sentinel-2/Landsat analysis."
Tiruvarur,2015,8,2015-08-15,0.445,-0.018,0.063,Landsat-7 ETM+,13.2,SYNTHETIC_PLACEHOLDER,"Demo spectral indices for Tiruvarur, 2015-08. Replace with real Sentinel-2/Landsat analysis."
Tiruvarur,2015,9,2015-09-15,0.646,0.393,-0.237,Sentinel-2B MSI,9.2,SYNTHETIC_PLACEHOLDER,"Demo spectral indices for Tiruvarur, 2015-09. Replace with real Sentinel-2/Landsat analysis."
Tiruvarur,2015,10,2015-10-15,0.693,-0.199,-0.015,Landsat-5 TM,12.8,SYNTHETIC_PLACEHOLDER,"Demo spectral indices for Tiruvarur, 2015-10. Replace with real Sentinel-2/Landsat analysis."
Tiruvarur,2015,11,2015-11-15,0.449,0.085,-0.183,Sentinel-2B MSI,7.0,SYNTHETIC_PLACEHOLDER,"Demo spectral indices for Tiruvarur, 2015-11. Replace with real Sentinel-2/Landsat analysis."
Tiruvarur,2015,12,2015-12-15,0.448,0.419,-0.126,Landsat-8 OLI,13.8,SYNTHETIC_PLACEHOLDER,"Demo spectral indices for Tiruvarur, 2015-12. Replace with real Sentinel-2/Landsat analysis."
Vellore,2005,1,2005-01-15,0.438,-0.126,-0.066,Sentinel-2B MSI,12.1,SYNTHETIC_PLACEHOLDER,"Demo spectral indices for Vellore, 2005-01. Replace with real Sentinel-2/Landsat analysis."
Vellore,2005,2,2005-02-15,0.521,0.083,0.277,Landsat-7 ETM+,3.0,SYNTHETIC_PLACEHOLDER,"Demo spectral indices for Vellore, 2005-02. Replace with real Sentinel-2/Landsat analysis."
Vellore,2005,3,2005-03-15,0.172,0.038,-0.235,Sentinel-2A MSI,12.1,SYNTHETIC_PLACEHOLDER,"Demo spectral indices for Vellore, 2005-03. Replace with real Sentinel-2/Landsat analysis."
Vellore,2005,4,2005-04-15,0.281,-0.166,-0.112,Landsat-5 TM,7.1,SYNTHETIC_PLACEHOLDER,"Demo spectral indices for Vellore, 2005-04. Replace with real Sentinel-2/Landsat analysis."
Vellore,2005,5,2005-05-15,0.375,0.175,0.036,Landsat-7 ETM+,14.2,SYNTHETIC_PLACEHOLDER,"Demo spectral indices for Vellore, 2005-05. Replace with real Sentinel-2/Landsat analysis."
Vellore,2005,6,2005-06-15,0.695,0.335,0.094,Sentinel-2B MSI,1.9,SYNTHETIC_PLACEHOLDER,"Demo spectral indices for Vellore, 2005-06. Replace with real Sentinel-2/Landsat analysis."
Vellore,2005,7,2005-07-15,0.784,0.064,0.24,Landsat-5 TM,11.7,SYNTHETIC_PLACEHOLDER,"Demo spectral indices for Vellore, 2005-07. Replace with real Sentinel-2/Landsat analysis."
Vellore,2005,8,2005-08-15,0.499,-0.162,0.086,Sentinel-2A MSI,1.0,SYNTHETIC_PLACEHOLDER,"Demo spectral indices for Vellore, 2005-08. Replace with real Sentinel-2/Landsat analysis."
Vellore,2005,9,2005-09-15,0.659,0.006,-0.04,Landsat-5 TM,9.3,SYNTHETIC_PLACEHOLDER,"Demo spectral indices for Vellore, 2005-09. Replace with real Sentinel-2/Landsat analysis."
Vellore,2005,10,2005-10-15,0.61,0.351,0.093,Sentinel-2A MSI,5.8,SYNTHETIC_PLACEHOLDER,"Demo spectral indices for Vellore, 2005-10. Replace with real Sentinel-2/Landsat analysis."
Vellore,2005,11,2005-11-15,0.547,0.233,-0.063,Landsat-5 TM,6.8,SYNTHETIC_PLACEHOLDER,"Demo spectral indices for Vellore, 2005-11. Replace with real Sentinel-2/Landsat analysis."
Vellore,2005,12,2005-12-15,0.385,-0.128,0.077,Landsat-5 TM,8.9,SYNTHETIC_PLACEHOLDER,"Demo spectral indices for Vellore, 2005-12. Replace with real Sentinel-2/Landsat analysis."
Vellore,2011,1,2011-01-15,0.559,-0.312,0.03,Landsat-8 OLI,6.3,SYNTHETIC_PLACEHOLDER,"Demo spectral indices for Vellore, 2011-01. Replace with real Sentinel-2/Landsat analysis."
Vellore,2011,2,2011-02-15,0.489,-0.23,0.188,Landsat-5 TM,1.9,SYNTHETIC_PLACEHOLDER,"Demo spectral indices for Vellore, 2011-02. Replace with real Sentinel-2/Landsat analysis."
Vellore,2011,3,2011-03-15,0.268,0.056,-0.053,Sentinel-2B MSI,13.3,SYNTHETIC_PLACEHOLDER,"Demo spectral indices for Vellore, 2011-03. Replace with real Sentinel-2/Landsat analysis."
Vellore,2011,4,2011-04-15,0.27,-0.184,-0.061,Landsat-8 OLI,14.6,SYNTHETIC_PLACEHOLDER,"Demo spectral indices for Vellore, 2011-04. Replace with real Sentinel-2/Landsat analysis."
Vellore,2011,5,2011-05-15,0.269,-0.299,-0.119,Sentinel-2B MSI,12.9,SYNTHETIC_PLACEHOLDER,"Demo spectral indices for Vellore, 2011-05. Replace with real Sentinel-2/Landsat analysis."
Vellore,2011,6,2011-06-15,0.546,-0.06,0.25,Landsat-5 TM,5.1,SYNTHETIC_PLACEHOLDER,"Demo spectral indices for Vellore, 2011-06. Replace with real Sentinel-2/Landsat analysis."
Vellore,2011,7,2011-07-15,0.67,0.487,0.08,Landsat-8 OLI,12.8,SYNTHETIC_PLACEHOLDER,"Demo spectral indices for Vellore, 2011-07. Replace with real Sentinel-2/Landsat analysis."
Vellore,2011,8,2011-08-15,0.603,0.01,-0.069,Landsat-5 TM,6.8,SYNTHETIC_PLACEHOLDER,"Demo spectral indices for Vellore, 2011-08. Replace with real Sentinel-2/Landsat analysis."
Vellore,2011,9,2011-09-15,0.641,-0.046,-0.248,Landsat-7 ETM+,10.4,SYNTHETIC_PLACEHOLDER,"Demo spectral indices for Vellore, 2011-09. Replace with real Sentinel-2/Landsat analysis."
Vellore,2011,10,2011-10-15,0.561,0.137,0.173,Landsat-8 OLI,12.1,SYNTHETIC_PLACEHOLDER,"Demo spectral indices for Vellore, 2011-10. Replace with real Sentinel-2/Landsat analysis."
Vellore,2011,11,2011-11-15,0.415,0.378,-0.246,Landsat-5 TM,1.1,SYNTHETIC_PLACEHOLDER,"Demo spectral indices for Vellore, 2011-11. Replace with real Sentinel-2/Landsat analysis."
Vellore,2011,12,2011-12-15,0.318,0.003,-0.143,Sentinel-2B MSI,13.7,SYNTHETIC_PLACEHOLDER,"Demo spectral indices for Vellore, 2011-12. Replace with real Sentinel-2/Landsat analysis."
Vellore,2015,1,2015-01-15,0.47,-0.261,-0.094,Landsat-7 ETM+,13.3,SYNTHETIC_PLACEHOLDER,"Demo spectral indices for Vellore, 2015-01. Replace with real Sentinel-2/Landsat analysis."
Vellore,2015,2,2015-02-15,0.478,-0.012,-0.152,Landsat-5 TM,2.6,SYNTHETIC_PLACEHOLDER,"Demo spectral indices for Vellore, 2015-02. Replace with real Sentinel-2/Landsat analysis."
Vellore,2015,3,2015-03-15,0.162,0.182,-0.175,Landsat-5 TM,5.1,SYNTHETIC_PLACEHOLDER,"Demo spectral indices for Vellore, 2015-03. Replace with real Sentinel-2/Landsat analysis."
Vellore,2015,4,2015-04-15,0.188,-0.141,-0.045,Landsat-7 ETM+,14.1,SYNTHETIC_PLACEHOLDER,"Demo spectral indices for Vellore, 2015-04. Replace with real Sentinel-2/Landsat analysis."
Vellore,2015,5,2015-05-15,0.395,0.217,0.233,Landsat-5 TM,1.8,SYNTHETIC_PLACEHOLDER,"Demo spectral indices for Vellore, 2015-05. Replace with real Sentinel-2/Landsat analysis."
Vellore,2015,6,2015-06-15,0.678,-0.067,0.043,Landsat-8 OLI,4.8,SYNTHETIC_PLACEHOLDER,"Demo spectral indices for Vellore, 2015-06. Replace with real Sentinel-2/Landsat analysis."
Vellore,2015,7,2015-07-15,0.592,0.445,0.17,Sentinel-2B MSI,2.8,SYNTHETIC_PLACEHOLDER,"Demo spectral indices for Vellore, 2015-07. Replace with real Sentinel-2/Landsat analysis."
Vellore,2015,8,2015-08-15,0.64,0.029,-0.221,Landsat-8 OLI,13.1,SYNTHETIC_PLACEHOLDER,"Demo spectral indices for Vellore, 2015-08. Replace with real Sentinel-2/Landsat analysis."
Vellore,2015,9,2015-09-15,0.752,0.42,-0.135,Landsat-5 TM,11.8,SYNTHETIC_PLACEHOLDER,"Demo spectral indices for Vellore, 2015-09. Replace with real Sentinel-2/Landsat analysis."
Vellore,2015,10,2015-10-15,0.699,-0.083,-0.037,Sentinel-2B MSI,5.6,SYNTHETIC_PLACEHOLDER,"Demo spectral indices for Vellore, 2015-10. Replace with real Sentinel-2/Landsat analysis."
Vellore,2015,11,2015-11-15,0.422,0.299,0.039,Sentinel-2A MSI,10.7,SYNTHETIC_PLACEHOLDER,"Demo spectral indices for Vellore, 2015-11. Replace with real Sentinel-2/Landsat analysis."
Vellore,2015,12,2015-12-15,0.426,0.081,0.257,Sentinel-2B MSI,9.7,SYNTHETIC_PLACEHOLDER,"Demo spectral indices for Vellore, 2015-12. Replace with real Sentinel-2/Landsat analysis."
Viluppuram,2005,1,2005-01-15,0.431,-0.084,-0.121,Landsat-7 ETM+,4.6,SYNTHETIC_PLACEHOLDER,"Demo spectral indices for Viluppuram, 2005-01. Replace with real Sentinel-2/Landsat analysis."
Viluppuram,2005,2,2005-02-15,0.535,0.255,-0.044,Sentinel-2B MSI,1.3,SYNTHETIC_PLACEHOLDER,"Demo spectral indices for Viluppuram, 2005-02. Replace with real Sentinel-2/Landsat analysis."
Viluppuram,2005,3,2005-03-15,0.28,-0.037,-0.123,Landsat-5 TM,7.0,SYNTHETIC_PLACEHOLDER,"Demo spectral indices for Viluppuram, 2005-03. Replace with real Sentinel-2/Landsat analysis."
Viluppuram,2005,4,2005-04-15,0.267,-0.073,-0.025,Sentinel-2A MSI,4.8,SYNTHETIC_PLACEHOLDER,"Demo spectral indices for Viluppuram, 2005-04. Replace with real Sentinel-2/Landsat analysis."
Viluppuram,2005,5,2005-05-15,0.194,-0.236,0.105,Landsat-8 OLI,13.5,SYNTHETIC_PLACEHOLDER,"Demo spectral indices for Viluppuram, 2005-05. Replace with real Sentinel-2/Landsat analysis."
Viluppuram,2005,6,2005-06-15,0.539,0.183,-0.207,Landsat-8 OLI,13.9,SYNTHETIC_PLACEHOLDER,"Demo spectral indices for Viluppuram, 2005-06. Replace with real Sentinel-2/Landsat analysis."
Viluppuram,2005,7,2005-07-15,0.437,-0.173,-0.14,Landsat-7 ETM+,10.1,SYNTHETIC_PLACEHOLDER,"Demo spectral indices for Viluppuram, 2005-07. Replace with real Sentinel-2/Landsat analysis."
Viluppuram,2005,8,2005-08-15,0.55,0.338,0.215,Landsat-7 ETM+,10.6,SYNTHETIC_PLACEHOLDER,"Demo spectral indices for Viluppuram, 2005-08. Replace with real Sentinel-2/Landsat analysis."
Viluppuram,2005,9,2005-09-15,0.799,0.327,0.157,Landsat-8 OLI,0.1,SYNTHETIC_PLACEHOLDER,"Demo spectral indices for Viluppuram, 2005-09. Replace with real Sentinel-2/Landsat analysis."
Viluppuram,2005,10,2005-10-15,0.572,0.348,-0.028,Sentinel-2A MSI,12.3,SYNTHETIC_PLACEHOLDER,"Demo spectral indices for Viluppuram, 2005-10. Replace with real Sentinel-2/Landsat analysis."
Viluppuram,2005,11,2005-11-15,0.453,0.258,0.294,Landsat-7 ETM+,13.0,SYNTHETIC_PLACEHOLDER,"Demo spectral indices for Viluppuram, 2005-11. Replace with real Sentinel-2/Landsat analysis."
Viluppuram,2005,12,2005-12-15,0.418,-0.053,-0.121,Sentinel-2B MSI,11.8,SYNTHETIC_PLACEHOLDER,"Demo spectral indices for Viluppuram, 2005-12. Replace with real Sentinel-2/Landsat analysis."
Viluppuram,2011,1,2011-01-15,0.524,-0.077,0.186,Landsat-8 OLI,12.7,SYNTHETIC_PLACEHOLDER,"Demo spectral indices for Viluppuram, 2011-01. Replace with real Sentinel-2/Landsat analysis."
Viluppuram,2011,2,2011-02-15,0.48,-0.108,-0.009,Sentinel-2B MSI,0.5,SYNTHETIC_PLACEHOLDER,"Demo spectral indices for Viluppuram, 2011-02. Replace with real Sentinel-2/Landsat analysis."
Viluppuram,2011,3,2011-03-15,0.215,-0.186,0.156,Sentinel-2A MSI,12.2,SYNTHETIC_PLACEHOLDER,"Demo spectral indices for Viluppuram, 2011-03. Replace with real Sentinel-2/Landsat analysis."
Viluppuram,2011,4,2011-04-15,0.301,-0.107,0.127,Sentinel-2A MSI,11.4,SYNTHETIC_PLACEHOLDER,"Demo spectral indices for Viluppuram, 2011-04. Replace with real Sentinel-2/Landsat analysis."
Viluppuram,2011,5,2011-05-15,0.268,0.011,0.062,Landsat-5 TM,13.8,SYNTHETIC_PLACEHOLDER,"Demo spectral indices for Viluppuram, 2011-05. Replace with real Sentinel-2/Landsat analysis."
Viluppuram,2011,6,2011-06-15,0.541,0.031,0.096,Sentinel-2B MSI,13.7,SYNTHETIC_PLACEHOLDER,"Demo spectral indices for Viluppuram, 2011-06. Replace with real Sentinel-2/Landsat analysis."
Viluppuram,2011,7,2011-07-15,0.611,0.067,0.272,Landsat-5 TM,8.0,SYNTHETIC_PLACEHOLDER,"Demo spectral indices for Viluppuram, 2011-07. Replace with real Sentinel-2/Landsat analysis."
Viluppuram,2011,8,2011-08-15,0.467,0.199,-0.002,Landsat-8 OLI,1.4,SYNTHETIC_PLACEHOLDER,"Demo spectral indices for Viluppuram, 2011-08. Replace with real Sentinel-2/Landsat analysis."
Viluppuram,2011,9,2011-09-15,0.487,-0.178,0.129,Sentinel-2A MSI,0.4,SYNTHETIC_PLACEHOLDER,"Demo spectral indices for Viluppuram, 2011-09. Replace with real Sentinel-2/Landsat analysis."
Viluppuram,2011,10,2011-10-15,0.551,0.07,-0.137,Landsat-8 OLI,9.9,SYNTHETIC_PLACEHOLDER,"Demo spectral indices for Viluppuram, 2011-10. Replace with real Sentinel-2/Landsat analysis."
Viluppuram,2011,11,2011-11-15,0.32,0.163,-0.155,Sentinel-2A MSI,5.9,SYNTHETIC_PLACEHOLDER,"Demo spectral indices for Viluppuram, 2011-11. Replace with real Sentinel-2/Landsat analysis."
Viluppuram,2011,12,2011-12-15,0.511,0.093,0.159,Sentinel-2A MSI,14.3,SYNTHETIC_PLACEHOLDER,"Demo spectral indices for Viluppuram, 2011-12. Replace with real Sentinel-2/Landsat analysis."
Viluppuram,2015,1,2015-01-15,0.486,-0.256,-0.012,Sentinel-2A MSI,2.4,SYNTHETIC_PLACEHOLDER,"Demo spectral indices for Viluppuram, 2015-01. Replace with real Sentinel-2/Landsat analysis."
Viluppuram,2015,2,2015-02-15,0.446,-0.258,0.144,Sentinel-2A MSI,4.1,SYNTHETIC_PLACEHOLDER,"Demo spectral indices for Viluppuram, 2015-02. Replace with real Sentinel-2/Landsat analysis."
Viluppuram,2015,3,2015-03-15,0.116,-0.355,-0.03,Landsat-7 ETM+,7.9,SYNTHETIC_PLACEHOLDER,"Demo spectral indices for Viluppuram, 2015-03. Replace with real Sentinel-2/Landsat analysis."
Viluppuram,2015,4,2015-04-15,0.37,-0.078,0.067,Landsat-5 TM,4.3,SYNTHETIC_PLACEHOLDER,"Demo spectral indices for Viluppuram, 2015-04. Replace with real Sentinel-2/Landsat analysis."
Viluppuram,2015,5,2015-05-15,0.322,0.09,0.141,Landsat-8 OLI,5.9,SYNTHETIC_PLACEHOLDER,"Demo spectral indices for Viluppuram, 2015-05. Replace with real Sentinel-2/Landsat analysis."
Viluppuram,2015,6,2015-06-15,0.732,0.091,-0.151,Sentinel-2B MSI,11.0,SYNTHETIC_PLACEHOLDER,"Demo spectral indices for Viluppuram, 2015-06. Replace with real Sentinel-2/Landsat analysis."
Viluppuram,2015,7,2015-07-15,0.628,-0.072,0.063,Sentinel-2A MSI,10.5,SYNTHETIC_PLACEHOLDER,"Demo spectral indices for Viluppuram, 2015-07. Replace with real Sentinel-2/Landsat analysis."
Viluppuram,2015,8,2015-08-15,0.502,-0.089,0.235,Sentinel-2B MSI,4.4,SYNTHETIC_PLACEHOLDER,"Demo spectral indices for Viluppuram, 2015-08. Replace with real Sentinel-2/Landsat analysis."
Viluppuram,2015,9,2015-09-15,0.745,0.306,-0.131,Sentinel-2A MSI,6.2,SYNTHETIC_PLACEHOLDER,"Demo spectral indices for Viluppuram, 2015-09. Replace with real Sentinel-2/Landsat analysis."
Viluppuram,2015,10,2015-10-15,0.641,0.058,0.165,Sentinel-2B MSI,11.5,SYNTHETIC_PLACEHOLDER,"Demo spectral indices for Viluppuram, 2015-10. Replace with real Sentinel-2/Landsat analysis."
Viluppuram,2015,11,2015-11-15,0.41,-0.023,0.028,Sentinel-2A MSI,0.4,SYNTHETIC_PLACEHOLDER,"Demo spectral indices for Viluppuram, 2015-11. Replace with real Sentinel-2/Landsat analysis."
Viluppuram,2015,12,2015-12-15,0.495,0.123,-0.061,Sentinel-2A MSI,12.8,SYNTHETIC_PLACEHOLDER,"Demo spectral indices for Viluppuram, 2015-12. Replace with real Sentinel-2/Landsat analysis."
Virudhunagar,2005,1,2005-01-15,0.38,-0.32,0.254,Landsat-8 OLI,10.1,SYNTHETIC_PLACEHOLDER,"Demo spectral indices for Virudhunagar, 2005-01. Replace with real Sentinel-2/Landsat analysis."
Virudhunagar,2005,2,2005-02-15,0.439,-0.342,0.111,Sentinel-2A MSI,2.1,SYNTHETIC_PLACEHOLDER,"Demo spectral indices for Virudhunagar, 2005-02. Replace with real Sentinel-2/Landsat analysis."
Virudhunagar,2005,3,2005-03-15,0.348,-0.281,-0.24,Landsat-5 TM,2.7,SYNTHETIC_PLACEHOLDER,"Demo spectral indices for Virudhunagar, 2005-03. Replace with real Sentinel-2/Landsat analysis."
Virudhunagar,2005,4,2005-04-15,0.199,-0.282,0.119,Landsat-5 TM,10.2,SYNTHETIC_PLACEHOLDER,"Demo spectral indices for Virudhunagar, 2005-04. Replace with real Sentinel-2/Landsat analysis."
Virudhunagar,2005,5,2005-05-15,0.167,-0.248,-0.231,Sentinel-2B MSI,3.2,SYNTHETIC_PLACEHOLDER,"Demo spectral indices for Virudhunagar, 2005-05. Replace with real Sentinel-2/Landsat analysis."
Virudhunagar,2005,6,2005-06-15,0.693,0.368,0.103,Landsat-5 TM,5.9,SYNTHETIC_PLACEHOLDER,"Demo spectral indices for Virudhunagar, 2005-06. Replace with real Sentinel-2/Landsat analysis."
Virudhunagar,2005,7,2005-07-15,0.498,-0.197,0.175,Landsat-7 ETM+,13.9,SYNTHETIC_PLACEHOLDER,"Demo spectral indices for Virudhunagar, 2005-07. Replace with real Sentinel-2/Landsat analysis."
Virudhunagar,2005,8,2005-08-15,0.536,-0.136,-0.018,Landsat-5 TM,5.1,SYNTHETIC_PLACEHOLDER,"Demo spectral indices for Virudhunagar, 2005-08. Replace with real Sentinel-2/Landsat analysis."
Virudhunagar,2005,9,2005-09-15,0.525,-0.046,0.235,Landsat-7 ETM+,10.9,SYNTHETIC_PLACEHOLDER,"Demo spectral indices for Virudhunagar, 2005-09. Replace with real Sentinel-2/Landsat analysis."
Virudhunagar,2005,10,2005-10-15,0.464,0.371,-0.073,Landsat-7 ETM+,9.4,SYNTHETIC_PLACEHOLDER,"Demo spectral indices for Virudhunagar, 2005-10. Replace with real Sentinel-2/Landsat analysis."
Virudhunagar,2005,11,2005-11-15,0.526,0.1,-0.122,Landsat-5 TM,5.3,SYNTHETIC_PLACEHOLDER,"Demo spectral indices for Virudhunagar, 2005-11. Replace with real Sentinel-2/Landsat analysis."
Virudhunagar,2005,12,2005-12-15,0.375,0.021,-0.036,Sentinel-2A MSI,3.3,SYNTHETIC_PLACEHOLDER,"Demo spectral indices for Virudhunagar, 2005-12. Replace with real Sentinel-2/Landsat analysis."
Virudhunagar,2011,1,2011-01-15,0.459,0.037,-0.226,Landsat-7 ETM+,6.2,SYNTHETIC_PLACEHOLDER,"Demo spectral indices for Virudhunagar, 2011-01. Replace with real Sentinel-2/Landsat analysis."
Virudhunagar,2011,2,2011-02-15,0.503,0.293,0.142,Sentinel-2B MSI,2.6,SYNTHETIC_PLACEHOLDER,"Demo spectral indices for Virudhunagar, 2011-02. Replace with real Sentinel-2/Landsat analysis."
Virudhunagar,2011,3,2011-03-15,0.352,0.287,0.133,Landsat-7 ETM+,5.0,SYNTHETIC_PLACEHOLDER,"Demo spectral indices for Virudhunagar, 2011-03. Replace with real Sentinel-2/Landsat analysis."
Virudhunagar,2011,4,2011-04-15,0.315,-0.177,0.218,Sentinel-2A MSI,1.0,SYNTHETIC_PLACEHOLDER,"Demo spectral indices for Virudhunagar, 2011-04. Replace with real Sentinel-2/Landsat analysis."
Virudhunagar,2011,5,2011-05-15,0.195,-0.086,0.031,Landsat-7 ETM+,7.6,SYNTHETIC_PLACEHOLDER,"Demo spectral indices for Virudhunagar, 2011-05. Replace with real Sentinel-2/Landsat analysis."
Virudhunagar,2011,6,2011-06-15,0.613,-0.185,0.167,Landsat-5 TM,4.6,SYNTHETIC_PLACEHOLDER,"Demo spectral indices for Virudhunagar, 2011-06. Replace with real Sentinel-2/Landsat analysis."
Virudhunagar,2011,7,2011-07-15,0.697,0.234,-0.217,Landsat-8 OLI,7.5,SYNTHETIC_PLACEHOLDER,"Demo spectral indices for Virudhunagar, 2011-07. Replace with real Sentinel-2/Landsat analysis."
Virudhunagar,2011,8,2011-08-15,0.498,0.249,-0.119,Sentinel-2B MSI,14.8,SYNTHETIC_PLACEHOLDER,"Demo spectral indices for Virudhunagar, 2011-08. Replace with real Sentinel-2/Landsat analysis."
Virudhunagar,2011,9,2011-09-15,0.621,-0.106,-0.075,Landsat-5 TM,7.8,SYNTHETIC_PLACEHOLDER,"Demo spectral indices for Virudhunagar, 2011-09. Replace with real Sentinel-2/Landsat analysis."
Virudhunagar,2011,10,2011-10-15,0.758,0.002,-0.237,Landsat-8 OLI,5.1,SYNTHETIC_PLACEHOLDER,"Demo spectral indices for Virudhunagar, 2011-10. Replace with real Sentinel-2/Landsat analysis."
Virudhunagar,2011,11,2011-11-15,0.347,0.442,0.294,Landsat-7 ETM+,9.1,SYNTHETIC_PLACEHOLDER,"Demo spectral indices for Virudhunagar, 2011-11. Replace with real Sentinel-2/Landsat analysis."
Virudhunagar,2011,12,2011-12-15,0.408,0.11,-0.247,Sentinel-2A MSI,1.0,SYNTHETIC_PLACEHOLDER,"Demo spectral indices for Virudhunagar, 2011-12. Replace with real Sentinel-2/Landsat analysis."
Virudhunagar,2015,1,2015-01-15,0.402,-0.301,-0.138,Landsat-5 TM,2.6,SYNTHETIC_PLACEHOLDER,"Demo spectral indices for Virudhunagar, 2015-01. Replace with real Sentinel-2/Landsat analysis."
Virudhunagar,2015,2,2015-02-15,0.489,-0.257,0.029,Sentinel-2A MSI,10.9,SYNTHETIC_PLACEHOLDER,"Demo spectral indices for Virudhunagar, 2015-02. Replace with real Sentinel-2/Landsat analysis."
Virudhunagar,2015,3,2015-03-15,0.234,-0.229,-0.153,Landsat-7 ETM+,4.5,SYNTHETIC_PLACEHOLDER,"Demo spectral indices for Virudhunagar, 2015-03. Replace with real Sentinel-2/Landsat analysis."
Virudhunagar,2015,4,2015-04-15,0.312,-0.259,0.224,Sentinel-2A MSI,1.2,SYNTHETIC_PLACEHOLDER,"Demo spectral indices for Virudhunagar, 2015-04. Replace with real Sentinel-2/Landsat analysis."
Virudhunagar,2015,5,2015-05-15,0.334,-0.283,-0.007,Sentinel-2B MSI,9.1,SYNTHETIC_PLACEHOLDER,"Demo spectral indices for Virudhunagar, 2015-05. Replace with real Sentinel-2/Landsat analysis."
Virudhunagar,2015,6,2015-06-15,0.546,0.468,0.015,Sentinel-2A MSI,6.4,SYNTHETIC_PLACEHOLDER,"Demo spectral indices for Virudhunagar, 2015-06. Replace with real Sentinel-2/Landsat analysis."
Virudhunagar,2015,7,2015-07-15,0.516,0.01,0.045,Sentinel-2B MSI,10.9,SYNTHETIC_PLACEHOLDER,"Demo spectral indices for Virudhunagar, 2015-07. Replace with real Sentinel-2/Landsat analysis."
Virudhunagar,2015,8,2015-08-15,0.524,0.118,-0.044,Sentinel-2B MSI,7.2,SYNTHETIC_PLACEHOLDER,"Demo spectral indices for Virudhunagar, 2015-08. Replace with real Sentinel-2/Landsat analysis."
Virudhunagar,2015,9,2015-09-15,0.571,-0.063,0.254,Landsat-5 TM,0.2,SYNTHETIC_PLACEHOLDER,"Demo spectral indices for Virudhunagar, 2015-09. Replace with real Sentinel-2/Landsat analysis."
Virudhunagar,2015,10,2015-10-15,0.623,0.144,0.259,Sentinel-2A MSI,14.6,SYNTHETIC_PLACEHOLDER,"Demo spectral indices for Virudhunagar, 2015-10. Replace with real Sentinel-2/Landsat analysis."
Virudhunagar,2015,11,2015-11-15,0.424,0.249,0.074,Sentinel-2A MSI,13.3,SYNTHETIC_PLACEHOLDER,"Demo spectral indices for Virudhunagar, 2015-11. Replace with real Sentinel-2/Landsat analysis."
Virudhunagar,2015,12,2015-12-15,0.511,0.452,-0.161,Sentinel-2A MSI,14.4,SYNTHETIC_PLACEHOLDER,"Demo spectral indices for Virudhunagar, 2015-12. Replace with real Sentinel-2/Landsat analysis."
